_id,step,type,amount,nameOrig,newbalanceOrig,nameDest,newbalanceDest,oldbalanceOrg,oldbalanceDest,predict
66ec0da576849eb4541a62a5,1,CASH_IN,206405.92,C367967231,2766347.65,C453211571,3461666.05,2559941.74,1221423.7,White List
66ec0da676849eb4541a62a6,1,CASH_IN,158995.29,C36531985,2925342.94,C1816757085,10681238.79,2766347.65,8674805.32,White List
66ec0da776849eb4541a62a7,1,CASH_IN,188238.54,C815336475,3113581.47,C766572210,0,2925342.94,702449.21,White List
66ec0da876849eb4541a62a8,1,CASH_IN,21255.8,C609483101,3134837.27,C1381128261,0,3113581.47,52109,White List
66ec0da976849eb4541a62a9,1,CASH_IN,205955.77,C1149407083,3340793.04,C1688019098,97263.78,3134837.27,465695.91,White List
66ec0daa76849eb4541a62aa,1,CASH_IN,178370.36,C767436045,3519163.4,C1590550415,19169204.93,3340793.04,16656258.88,White List
66ec0dab76849eb4541a62ab,1,CASH_IN,42547.96,C1430199669,3561711.36,C673068808,9672.67,3519163.4,59693,White List
66ec0dac76849eb4541a62ac,1,CASH_IN,15152.15,C1847431070,3576863.51,C1262822392,12494367.15,3561711.36,8439095.6,White List
66ec0dad76849eb4541a62ad,1,CASH_IN,39249.67,C1043639521,3616113.18,C1225616405,0,3576863.51,64966.23,White List
66ec0dae76849eb4541a62ae,1,CASH_IN,101669.17,C1660837991,3717782.35,C1234776885,2025098.66,3616113.18,533625.81,White List
66ec0daf76849eb4541a62af,1,CASH_IN,81694.11,C1325866488,3799476.47,C2083562754,1186556.81,3717782.35,686540.82,White List
66ec0db076849eb4541a62b0,1,CASH_IN,10266.7,C1306794745,3809743.17,C1256728724,69756.86,3799476.47,104323,White List
66ec0db176849eb4541a62b1,1,CASH_IN,35502.25,C1454171136,3845245.42,C1832580921,0,3809743.17,41159,White List
66ec0db276849eb4541a62b2,1,CASH_IN,183250,C1195396074,4028495.42,C736709391,46820.71,3845245.42,231999.55,White List
66ec0db376849eb4541a62b3,1,CASH_IN,219220.21,C811562535,4247715.63,C451111351,3940085.21,4028495.42,1974114.63,White List
66ec0db476849eb4541a62b4,1,CASH_IN,254895.5,C1560379655,4502611.13,C1509514333,2415.16,4247715.63,256668.41,White List
66ec0db676849eb4541a62b5,1,CASH_IN,143148.97,C1824322115,4645760.1,C1170794006,22190.99,4502611.13,4547209.8,White List
66ec0db776849eb4541a62b6,1,CASH_IN,132457.52,C702999333,4778217.62,C1262822392,12494367.15,4645760.1,8423943.45,White List
66ec0db876849eb4541a62b7,1,CASH_IN,148834.28,C1648582256,4927051.9,C766572210,0,4778217.62,514210.68,White List
66ec0db976849eb4541a62b8,1,CASH_IN,106727.81,C865858182,5033779.71,C665576141,5515763.34,4927051.9,2730834.27,White List
66ec0dba76849eb4541a62b9,1,CASH_IN,223123.71,C951988316,5256903.42,C1359044626,16518.36,5033779.71,394281.87,White List
66ec0dbb76849eb4541a62ba,1,CASH_IN,194311.34,C647973805,5451214.77,C33524623,1517262.16,5256903.42,1127423.71,White List
66ec0dbc76849eb4541a62bb,1,CASH_IN,338964.91,C1591161296,5790179.68,C766572210,0,5451214.77,365376.39,White List
66ec0dbd76849eb4541a62bc,1,CASH_IN,247575.4,C842331982,6037755.07,C1262822392,12494367.15,5790179.68,8291485.93,White List
66ec0dbe76849eb4541a62bd,1,CASH_IN,29467.02,C2076249476,6067222.09,C1749186397,277515.05,6037755.07,322442.98,White List
66ec0dbf76849eb4541a62be,1,CASH_IN,90340.16,C660595570,6157562.25,C1590550415,19169204.93,6067222.09,16477888.52,White List
66ec0dc076849eb4541a62bf,1,CASH_IN,198847.32,C1088491512,6356409.58,C1023714065,1412484.09,6157562.25,964679.26,White List
66ec0dc176849eb4541a62c0,1,CASH_IN,155075.41,C1434066477,6511484.99,C1971489295,0,6356409.58,1035098.36,White List
66ec0dc276849eb4541a62c1,1,CASH_IN,76932.89,C648315947,6588417.88,C1023714065,1412484.09,6511484.99,765831.94,White List
66ec0dc376849eb4541a62c2,1,CASH_IN,92971.79,C2117642238,6681389.66,C796533847,0,6588417.88,111367.94,White List
66ec0dc476849eb4541a62c3,1,CASH_IN,7322.98,C913242382,6688712.64,C146305349,57643.02,6681389.66,64966,White List
66ec0dc576849eb4541a62c4,1,CASH_IN,222126.95,C870322840,6910839.59,C1286084959,2107778.11,6688712.64,1397610.6,White List
66ec0dc676849eb4541a62c5,1,CASH_IN,62983.91,C837246227,6973823.5,C1740000325,1363368.51,6910839.59,454778.18,White List
66ec0dc776849eb4541a62c6,1,CASH_IN,1271.77,C173738886,6975095.27,C932583850,2719172.89,6973823.5,697456.73,White List
66ec0dc876849eb4541a62c7,1,CASH_IN,246816.65,C1262237002,7221911.92,C33524623,1517262.16,6975095.27,933112.37,White List
66ec0dc976849eb4541a62c8,1,CASH_IN,21898.97,C2029754983,7243810.89,C747464370,1567434.81,7221911.92,1114670.7,White List
66ec0dca76849eb4541a62c9,1,CASH_IN,30811.56,C1946111918,7274622.45,C22805895,651524.92,7243810.89,152178,White List
66ec0dcb76849eb4541a62ca,1,CASH_IN,100275.09,C564817260,7374897.54,C564160838,1254956.07,7274622.45,878425.58,White List
66ec0dcc76849eb4541a62cb,1,CASH_IN,46630.53,C194415222,7421528.07,C2083562754,1186556.81,7374897.54,604846.71,White List
66ec0dcd76849eb4541a62cc,1,CASH_IN,158775.58,C798622145,7580303.64,C1023714065,1412484.09,7421528.07,688899.05,White List
66ec0dce76849eb4541a62cd,1,CASH_IN,90556.08,C638695843,7670859.72,C288665596,8496.61,7580303.64,186372.86,White List
66ec0dcf76849eb4541a62ce,1,CASH_IN,173948.89,C1411543296,7844808.61,C1740000325,1363368.51,7670859.72,391794.27,White List
66ec0dd076849eb4541a62cf,1,CASH_IN,66216.71,C1800967368,7911025.32,C97730845,9940339.29,7844808.61,117785.88,White List
66ec0dd176849eb4541a62d0,1,CASH_IN,216133.99,C338887787,8127159.31,C747464370,1567434.81,7911025.32,1092771.73,White List
66ec0dd276849eb4541a62d1,1,CASH_IN,371883.82,C1061448687,8499043.13,C1971489295,0,8127159.31,880022.94,White List
66ec0dd376849eb4541a62d2,1,CASH_IN,770537.37,C2015999862,8499043.13,C1883840933,16874643.09,8499043.13,8499043.13,White List
66ec0dd476849eb4541a62d3,1,CASH_IN,71275.47,C1467515503,8570318.6,C20671747,43691.09,8499043.13,136084.66,White List
66ec0dd576849eb4541a62d4,1,CASH_IN,336298.77,C1533330615,8906617.38,C1789550256,4619798.56,8570318.6,1049811.54,White List
66ec0dd676849eb4541a62d5,1,CASH_IN,317393.38,C1197721383,9224010.75,C1286084959,2107778.11,8906617.38,1175483.65,White List
66ec0dd776849eb4541a62d6,1,CASH_IN,181002.01,C1917082298,9405012.76,C1749186397,277515.05,9224010.75,292975.96,White List
66ec0dd876849eb4541a62d7,1,CASH_IN,311449.38,C1639765351,9716462.14,C1789550256,4619798.56,9405012.76,713512.77,White List
66ec0dd976849eb4541a62d8,1,CASH_IN,270824.42,C478209179,9987286.56,C1816757085,10681238.79,9716462.14,8515810.04,White List
66ec0dda76849eb4541a62d9,1,PAYMENT,1449.03,C1166230227,79533.97,M365056339,0,80983,0,White List
66ec0ddb76849eb4541a62da,1,PAYMENT,3551.48,C307411297,1011466.31,M166536076,0,1015017.79,0,White List
66ec0ddc76849eb4541a62db,1,CASH_OUT,227768.63,C1445424568,783697.68,C1023714065,1412484.09,1011466.31,530123.48,White List
66ec0ddd76849eb4541a62dc,1,CASH_OUT,172986.7,C1374217958,610710.98,C33524623,1517262.16,783697.68,686295.71,White List
66ec0dde76849eb4541a62dd,1,PAYMENT,4940.2,C1459016715,43064.8,M912747546,0,48005,0,White List
66ec0ddf76849eb4541a62de,1,PAYMENT,2755.96,C1530957251,18231.04,M1292472219,0,20987,0,White List
66ec0de076849eb4541a62df,1,DEBIT,8807.01,C767511741,130620.99,C20671747,43691.09,139428,64809.18,White List
66ec0de176849eb4541a62e0,1,DEBIT,3111.86,C548795052,61553.96,C240650537,0,64665.82,10070.22,White List
66ec0de276849eb4541a62e1,1,PAYMENT,10040.52,C2143571436,51513.44,M2117099736,0,61553.96,0,White List
66ec0de376849eb4541a62e2,1,DEBIT,5363,C691863815,15897,C1321640594,18910.85,21260,24765.26,White List
66ec0de476849eb4541a62e3,1,PAYMENT,11990.19,C647149086,0,M2070160397,0,885,0,White List
66ec0de576849eb4541a62e4,1,PAYMENT,266.88,C103787801,3915.12,M1205580258,0,4182,0,White List
66ec0de676849eb4541a62e5,1,PAYMENT,1928.55,C1959451969,3167.45,M777313177,0,5096,0,White List
66ec0de776849eb4541a62e6,1,PAYMENT,10648.06,C1441328175,26770.94,M1327895505,0,37419,0,White List
66ec0de876849eb4541a62e7,1,PAYMENT,962.43,C1831141281,25808.5,M1705277839,0,26770.94,0,White List
66ec0de976849eb4541a62e8,1,PAYMENT,8348.1,C2000648320,8234.9,M142099757,0,16583,0,White List
66ec0dea76849eb4541a62e9,1,PAYMENT,6969.67,C1114335860,54121.33,M80026551,0,61091,0,White List
66ec0deb76849eb4541a62ea,1,TRANSFER,20128,C137533655,0,C1848415041,0,20128,0,White List
66ec0dec76849eb4541a62eb,1,CASH_OUT,20128,C1118430673,0,C339924917,12145.85,20128,6268,White List
66ec0ded76849eb4541a62ec,1,PAYMENT,154.87,C1527254842,9184.13,M2000469839,0,9339,0,White List
66ec0dee76849eb4541a62ed,1,DEBIT,4040.84,C1800693087,0,C1825027294,36757.68,1938,51339,White List
66ec0def76849eb4541a62ee,1,PAYMENT,6490.17,C1717473929,542013.83,M2100572327,0,548504,0,White List
66ec0df076849eb4541a62ef,1,PAYMENT,1101.09,C1868578441,29756.91,M659996839,0,30858,0,White List
66ec0df176849eb4541a62f0,1,DEBIT,4347.78,C890160158,16418.22,C1531333864,55974.56,20766,407959.76,White List
66ec0df276849eb4541a62f1,1,CASH_OUT,213922.13,C1768127248,0,C1234776885,2025098.66,16418.22,431956.63,White List
66ec0df376849eb4541a62f2,1,CASH_OUT,83859.59,C119112899,0,C1590550415,19169204.93,0,16387548.36,White List
66ec0df476849eb4541a62f3,1,CASH_OUT,33269.25,C375074687,0,C1629911510,15375.37,0,111389.13,White List
66ec0df576849eb4541a62f4,1,CASH_OUT,51749.94,C1429616542,0,C297927961,132842.64,0,62470,White List
66ec0df676849eb4541a62f5,1,CASH_OUT,86410.3,C662666707,0,C1023714065,1412484.09,0,757892.11,White List
66ec0df776849eb4541a62f6,1,CASH_OUT,10856.63,C1821100643,0,C1740000325,1363368.51,0,217845.38,White List
66ec0df876849eb4541a62f7,1,CASH_OUT,161613.93,C593768538,0,C1789550256,4619798.56,0,402063.39,White List
66ec0df976849eb4541a62f8,1,CASH_OUT,244361.81,C1191864687,0,C33524623,1517262.16,0,859282.41,White List
66ec0dfa76849eb4541a62f9,1,CASH_OUT,596617.87,C466032056,0,C1234776885,2025098.66,0,645878.76,White List
66ec0dfb76849eb4541a62fa,1,CASH_OUT,108600.78,C690822257,0,C1810132623,97128.19,0,146488.24,White List
66ec0dfc76849eb4541a62fb,1,CASH_OUT,377520.94,C726212590,0,C1789550256,4619798.56,0,563677.32,White List
66ec0dfd76849eb4541a62fc,1,CASH_OUT,60758.42,C1058822905,0,C1318822808,500631.71,0,155911.68,White List
66ec0dfe76849eb4541a62fd,1,CASH_OUT,86204.31,C475394679,0,C1789550256,4619798.56,0,941198.26,White List
66ec0dff76849eb4541a62fe,1,CASH_OUT,1234,C1574615832,0,C1983025922,7550.03,0,29906,White List
66ec0e0076849eb4541a62ff,1,CASH_OUT,18288.91,C1049590050,0,C1286084959,2107778.11,0,858090.28,White List
66ec0e0176849eb4541a6300,1,CASH_OUT,248979.22,C1662592920,0,C33524623,1517262.16,0,1103644.22,White List
66ec0e0276849eb4541a6301,1,CASH_OUT,126774.5,C1357686726,0,C1234776885,2025098.66,0,1242496.63,White List
66ec0e0376849eb4541a6302,1,CASH_OUT,38428.19,C1491522744,0,C1568059495,122750.49,0,43524.89,White List
66ec0e0476849eb4541a6303,1,CASH_OUT,109732.52,C501608687,0,C1816757085,10681238.79,0,8244985.62,White List
66ec0e0576849eb4541a6304,1,CASH_OUT,17851.54,C929706284,0,C824208363,0,0,32353,White List
66ec0e0676849eb4541a6305,1,CASH_OUT,5223.97,C42820240,0,C1122805102,23568.91,0,10429.69,White List
66ec0e0776849eb4541a6306,1,CASH_OUT,63807.17,C1822434669,0,C2083562754,1186556.81,0,558216.18,White List
66ec0e0876849eb4541a6307,1,CASH_OUT,406297.68,C1592840862,0,C985934102,971418.91,0,882606.73,White List
66ec0e0976849eb4541a6308,1,PAYMENT,4779.93,C955611965,0,M1367672657,0,121,0,White List
66ec0e0a76849eb4541a6309,1,TRANSFER,16631.14,C1021565761,0,C998351292,1015132.48,0,89102.55,White List
66ec0e0b76849eb4541a630a,1,PAYMENT,2771.16,C1692375649,57949.84,M2002790740,0,60721,0,White List
66ec0e0c76849eb4541a630b,1,PAYMENT,3154.06,C237373286,21084.94,M742255664,0,24239,0,White List
66ec0e0d76849eb4541a630c,1,PAYMENT,7813.63,C883521348,13271.31,M1115013644,0,21084.94,0,White List
66ec0e0e76849eb4541a630d,1,PAYMENT,360.13,C2086068243,38578.87,M1070194629,0,38939,0,White List
66ec0e1076849eb4541a630e,1,CASH_OUT,431381.17,C1076202543,0,C306206744,3554299.27,40481,55566,White List
66ec0e1176849eb4541a630f,1,TRANSFER,43670.84,C749486981,0,C885951223,215851.28,0,79331.08,White List
66ec0e1276849eb4541a6310,1,PAYMENT,7342.63,C1731295355,12100.37,M385332399,0,19443,0,White List
66ec0e1376849eb4541a6311,1,PAYMENT,7417.09,C2061440682,0,M883020319,0,843,0,White List
66ec0e1476849eb4541a6312,1,PAYMENT,8865.26,C1488946768,75550.57,M1942356772,0,84415.83,0,White List
66ec0e1576849eb4541a6313,1,CASH_OUT,213490.87,C1907241392,0,C1971489295,0,75550.57,508139.13,White List
66ec0e1676849eb4541a6314,1,PAYMENT,7444.4,C1269118128,24458.17,M1863100050,0,31902.57,0,White List
66ec0e1776849eb4541a6315,1,CASH_OUT,287265.38,C739264372,0,C306206744,3554299.27,24458.17,486947.17,White List
66ec0e1876849eb4541a6316,1,CASH_OUT,416001.33,C749981943,0,C667346055,9291619.62,0,102,White List
66ec0e1976849eb4541a6317,1,PAYMENT,6432.26,C1313960293,0,M1155757579,0,0,0,White List
66ec0e1a76849eb4541a6318,1,PAYMENT,8690.86,C1785111044,21081.14,M1482748887,0,29772,0,White List
66ec0e1b76849eb4541a6319,1,PAYMENT,3791.28,C494894055,28671.72,M1123226989,0,32463,0,White List
66ec0e1c76849eb4541a631a,1,PAYMENT,4111.34,C500885941,123940.66,M1115381650,0,128052,0,White List
66ec0e1d76849eb4541a631b,1,PAYMENT,7163.9,C616412281,107056.04,M2118096382,0,114219.94,0,White List
66ec0e1e76849eb4541a631c,1,PAYMENT,6557.51,C878861517,100498.52,M746394140,0,107056.04,0,White List
66ec0e1f76849eb4541a631d,1,PAYMENT,17348.25,C1705665942,83150.27,M1731763384,0,100498.52,0,White List
66ec0e2076849eb4541a631e,1,PAYMENT,1586.28,C1100619942,81564,M87242619,0,83150.27,0,White List
66ec0e2176849eb4541a631f,1,PAYMENT,6811.97,C864248990,74752.02,M285074186,0,81564,0,White List
66ec0e2276849eb4541a6320,1,PAYMENT,36651.07,C15892131,38100.95,M484841769,0,74752.02,0,White List
66ec0e2376849eb4541a6321,1,PAYMENT,4804.68,C879311295,33296.27,M1274247563,0,38100.95,0,White List
66ec0e2476849eb4541a6322,1,PAYMENT,19375.5,C1483145520,13920.76,M1961129028,0,33296.27,0,White List
66ec0e2576849eb4541a6323,1,PAYMENT,13833.75,C163385254,87.01,M1506938939,0,13920.76,0,White List
66ec0e2676849eb4541a6324,1,PAYMENT,21008.52,C970781872,0,M1850597787,0,87.01,0,White List
66ec0e2776849eb4541a6325,1,PAYMENT,22043.92,C258737099,0,M1190566357,0,0,0,White List
66ec0e2876849eb4541a6326,1,PAYMENT,32635.14,C407997647,0,M428996455,0,0,0,White List
66ec0e2976849eb4541a6327,1,PAYMENT,11438.39,C1988939205,0,M80141040,0,0,0,White List
66ec0e2a76849eb4541a6328,1,PAYMENT,13527.16,C275056979,0,M106557175,0,0,0,White List
66ec0e2b76849eb4541a6329,1,PAYMENT,11881.78,C371976476,0,M612937843,0,0,0,White List
66ec0e2c76849eb4541a632a,1,PAYMENT,9805.46,C480184864,0,M1433956626,0,0,0,White List
66ec0e2d76849eb4541a632b,1,PAYMENT,9470.85,C483525032,0,M2109219177,0,0,0,White List
66ec0e2e76849eb4541a632c,1,PAYMENT,20560.86,C429058804,0,M259319861,0,0,0,White List
66ec0e2f76849eb4541a632d,1,PAYMENT,13679.84,C52913970,0,M1059634518,0,0,0,White List
66ec0e3076849eb4541a632e,1,PAYMENT,15448,C836969741,0,M436094532,0,0,0,White List
66ec0e3176849eb4541a632f,1,PAYMENT,1987.4,C567852222,0,M1541433310,0,0,0,White List
66ec0e3276849eb4541a6330,1,PAYMENT,4145.04,C1938025186,93022.96,M405036720,0,97168,0,White List
66ec0e3376849eb4541a6331,1,PAYMENT,3511.45,C2088582214,7798.55,M620456576,0,11310,0,White List
66ec0e3476849eb4541a6332,1,PAYMENT,1118.1,C1220759559,7922.9,M1923634801,0,9041,0,White List
66ec0e3576849eb4541a6333,1,PAYMENT,15.06,C1730337646,204666.94,M418513504,0,204682,0,White List
66ec0e3676849eb4541a6334,1,CASH_IN,352568.35,C1256405521,362513.35,C665576141,5515763.34,9945,2624106.46,White List
66ec0e3776849eb4541a6335,1,PAYMENT,3043.27,C2051598050,33325.73,M188791662,0,36369,0,White List
66ec0e3876849eb4541a6336,1,PAYMENT,9758.09,C61426020,11458.91,M1347016882,0,21217,0,White List
66ec0e3976849eb4541a6337,1,PAYMENT,5924.89,C1829460911,0,M1662912171,0,1518,0,White List
66ec0e3a76849eb4541a6338,1,PAYMENT,9550.43,C708153797,0,M883380345,0,4021,0,White List
66ec0e3b76849eb4541a6339,1,PAYMENT,4355.66,C54960993,0,M276748028,0,120,0,White List
66ec0e3c76849eb4541a633a,1,DEBIT,6973.12,C373544591,43041.88,C1568059495,122750.49,50015,81953.08,White List
66ec0e3d76849eb4541a633b,1,PAYMENT,2358.63,C409565350,68465.37,M771923297,0,70824,0,White List
66ec0e3e76849eb4541a633c,1,DEBIT,374.36,C1210939243,14862.64,C1335050193,353532.56,15237,62904.98,White List
66ec0e3f76849eb4541a633d,1,PAYMENT,8946.63,C1079125839,86119.37,M321772459,0,95066,0,White List
66ec0e4076849eb4541a633e,1,PAYMENT,20573.4,C696165690,4067.6,M181078353,0,24641,0,White List
66ec0e4176849eb4541a633f,1,PAYMENT,8358.12,C1542598424,0,M645875534,0,293,0,White List
66ec0e4276849eb4541a6340,1,PAYMENT,1006.76,C2054451662,695001.24,M673672784,0,696008,0,White List
66ec0e4376849eb4541a6341,1,PAYMENT,10498.05,C1659309731,6231.95,M1056862342,0,16730,0,White List
66ec0e4476849eb4541a6342,1,TRANSFER,463722.76,C1734184086,0,C832279283,185389.8,349,18285.39,White List
66ec0e4576849eb4541a6343,1,TRANSFER,138857.19,C1947941827,0,C1789550256,4619798.56,109473,1027402.57,White List
66ec0e4676849eb4541a6344,1,PAYMENT,5184.9,C785625589,278324.1,M1667534569,0,283509,0,White List
66ec0e4776849eb4541a6345,1,PAYMENT,3626.96,C1758893871,19879.04,M1170111701,0,23506,0,White List
66ec0e4876849eb4541a6346,1,PAYMENT,282.42,C1985028494,30320.58,M830863979,0,30603,0,White List
66ec0e4976849eb4541a6347,1,DEBIT,8703.54,C1832283291,129078.46,C1335050193,353532.56,137782,63279.34,White List
66ec0e4a76849eb4541a6348,1,PAYMENT,3673.1,C1532554556,26833.9,M620423816,0,30507,0,White List
66ec0e4b76849eb4541a6349,1,PAYMENT,9800.58,C976358110,2816.58,M1690233783,0,12617.16,0,White List
66ec0e4c76849eb4541a634a,1,CASH_OUT,88987.11,C2014563089,0,C932583850,2719172.89,2816.58,696184.96,White List
66ec0e4d76849eb4541a634b,1,PAYMENT,4227.19,C198098993,31826.81,M553672556,0,36054,0,White List
66ec0e4e76849eb4541a634c,1,PAYMENT,2881.51,C854653864,87368.49,M1415439780,0,90250,0,White List
66ec0e4f76849eb4541a634d,1,PAYMENT,4376.46,C703555670,5432.54,M179808568,0,9809,0,White List
66ec0e5076849eb4541a634e,1,PAYMENT,11656.12,C1068445309,0,M73698537,0,10181,0,White List
66ec0e5176849eb4541a634f,1,TRANSFER,345698.98,C1453062635,0,C997608398,157982.12,40419,20489.94,White List
66ec0e5276849eb4541a6350,1,PAYMENT,3292.21,C1632789609,17191.79,M659059448,0,20484,0,White List
66ec0e5376849eb4541a6351,1,PAYMENT,7367.06,C124494140,7160.94,M246826139,0,14528,0,White List
66ec0e5476849eb4541a6352,1,PAYMENT,2937.34,C2083854344,16765.66,M403598020,0,19703,0,White List
66ec0e5576849eb4541a6353,1,DEBIT,1150.14,C1119242936,20483.86,C1122805102,23568.91,21634,15653.66,White List
66ec0e5676849eb4541a6354,1,PAYMENT,3563.36,C2123914473,181833.64,M708443754,0,185397,0,White List
66ec0e5776849eb4541a6355,1,PAYMENT,2380.46,C1091234211,99047.54,M832145584,0,101428,0,White List
66ec0e5876849eb4541a6356,1,PAYMENT,2266.02,C224060798,62491.91,M1752535057,0,64757.92,0,White List
66ec0e5976849eb4541a6357,1,TRANSFER,32132.45,C2116299597,30359.46,C1466073198,0,62491.91,59605,White List
66ec0e5a76849eb4541a6358,1,TRANSFER,51627.39,C50720817,0,C1526298704,32092.07,30359.46,81243,White List
66ec0e5b76849eb4541a6359,1,TRANSFER,62073.54,C1496220730,0,C1740000325,1363368.51,0,228702.01,White List
66ec0e5c76849eb4541a635a,1,TRANSFER,13614.91,C488600086,0,C380242442,0,0,30195,White List
66ec0e5d76849eb4541a635b,1,TRANSFER,2290.73,C1111379131,0,C660143728,42450.71,0,79471.66,White List
66ec0e5e76849eb4541a635c,1,TRANSFER,637161,C1846982837,0,C1789550256,4619798.56,0,1166259.76,White List
66ec0e5f76849eb4541a635d,1,TRANSFER,639378.37,C1135935001,0,C392292416,3420103.09,0,753824.15,White List
66ec0e6076849eb4541a635e,1,TRANSFER,34390.85,C635288507,0,C1291286504,66575.5,0,90214.97,White List
66ec0e6176849eb4541a635f,1,TRANSFER,1867849.02,C355885103,0,C665576141,5515763.34,0,2271538.11,White List
66ec0e6276849eb4541a6360,1,TRANSFER,1193410.46,C1321115948,0,C1590550415,19169204.93,0,16471407.95,White List
66ec0e6376849eb4541a6361,1,TRANSFER,348186.2,C706665172,0,C306206744,3554299.27,0,774212.55,White List
66ec0e6476849eb4541a6362,1,TRANSFER,1440296.14,C1649847375,0,C1590550415,19169204.93,0,17664818.4,White List
66ec0e6576849eb4541a6363,1,TRANSFER,799483.57,C1153933106,0,C306206744,3554299.27,0,1122398.75,White List
66ec0e6676849eb4541a6364,1,TRANSFER,969631.31,C2144067911,0,C248609774,6453430.91,0,2134967.54,White List
66ec0e6776849eb4541a6365,1,TRANSFER,483544.3,C593447952,0,C1286084959,2107778.11,0,876379.19,White List
66ec0e6976849eb4541a6366,1,TRANSFER,326349.91,C1950136544,0,C564160838,1254956.07,0,778150.49,White List
66ec0e6a76849eb4541a6367,1,DEBIT,7546.88,C209360730,43821.12,C1259769769,252055.24,51368,11353,White List
66ec0e6b76849eb4541a6368,1,PAYMENT,2469.75,C740007499,41351.37,M1971152916,0,43821.12,0,White List
66ec0e6c76849eb4541a6369,1,DEBIT,1741.24,C1687627235,79200.76,C997608398,157982.12,80942,366188.92,White List
66ec0e6d76849eb4541a636a,1,PAYMENT,553.25,C1007660652,6968.75,M1276544608,0,7522,0,White List
66ec0e6e76849eb4541a636b,1,PAYMENT,6606.31,C1387620926,362.44,M265348534,0,6968.75,0,White List
66ec0e6f76849eb4541a636c,1,PAYMENT,2075.94,C1324173038,108327.06,M917568725,0,110403,0,White List
66ec0e7076849eb4541a636d,1,TRANSFER,84212.94,C1336775847,0,C13329486,84212.94,53199,0,White List
66ec0e7176849eb4541a636e,1,CASH_OUT,312108.51,C1196963249,0,C1262822392,12494367.15,0,8043910.53,White List
66ec0e7276849eb4541a636f,1,PAYMENT,1647.93,C1663488386,69241.07,M1380044647,0,70889,0,White List
66ec0e7376849eb4541a6370,1,PAYMENT,3533.32,C1902801188,34677.68,M1998137093,0,38211,0,White List
66ec0e7476849eb4541a6371,1,PAYMENT,7659.86,C577127077,0,M2122357625,0,544,0,White List
66ec0e7576849eb4541a6372,1,PAYMENT,7203.07,C1556162268,283572.48,M1650332494,0,290775.55,0,White List
66ec0e7676849eb4541a6373,1,CASH_OUT,116206.75,C1924990666,167365.73,C1318822808,500631.71,283572.48,216670.1,White List
66ec0e7776849eb4541a6374,1,CASH_OUT,30331.38,C144445623,137034.36,C998351292,1015132.48,167365.73,105733.69,White List
66ec0e7876849eb4541a6375,1,PAYMENT,2063.77,C1572745406,14000.23,M1340644388,0,16064,0,White List
66ec0e7976849eb4541a6376,1,PAYMENT,3035.35,C1434015813,23621.65,M1023996917,0,26657,0,White List
66ec0e7a76849eb4541a6377,1,CASH_OUT,123797.1,C295640874,0,C557041912,557537.26,23621.65,153674.01,White List
66ec0e7b76849eb4541a6378,1,DEBIT,8233.25,C438151297,0,C846947180,12901.08,7024,14673,White List
66ec0e7c76849eb4541a6379,1,PAYMENT,2271.34,C96039159,29074.66,M2144644334,0,31346,0,White List
66ec0e7d76849eb4541a637a,1,PAYMENT,3801.74,C375097969,69814.46,M1635082651,0,73616.2,0,White List
66ec0e7e76849eb4541a637b,1,PAYMENT,1530.83,C788892554,68283.63,M1970073944,0,69814.46,0,White List
66ec0e7f76849eb4541a637c,1,PAYMENT,4833.96,C1060042118,36171.04,M1964847681,0,41005,0,White List
66ec0e8076849eb4541a637d,1,PAYMENT,5842.61,C1992801971,0,M1681094402,0,40,0,White List
66ec0e8176849eb4541a637e,1,PAYMENT,2871.89,C754527431,0,M820677667,0,653,0,White List
66ec0e8276849eb4541a637f,1,DEBIT,5297.36,C2064883371,76836.64,C655381473,189534.74,82134,31443.78,White List
66ec0e8376849eb4541a6380,1,TRANSFER,621561.65,C82275756,0,C1782113663,3997768.55,123122,0,White List
66ec0e8476849eb4541a6381,1,PAYMENT,829.07,C1629353699,10369.93,M99808631,0,11199,0,White List
66ec0e8576849eb4541a6382,1,PAYMENT,3418.07,C1651754404,0,M1564892747,0,260,0,White List
66ec0e8676849eb4541a6383,1,CASH_OUT,41924.75,C1407324654,0,C1526298704,32092.07,0,132870.39,White List
66ec0e8776849eb4541a6384,1,CASH_OUT,173597.57,C1101598632,0,C248609774,6453430.91,0,3104598.86,White List
66ec0e8876849eb4541a6385,1,CASH_OUT,77642.84,C1032568028,0,C667346055,9291619.62,0,416103.33,White List
66ec0e8976849eb4541a6386,1,CASH_OUT,144964.23,C1380976928,0,C932583850,2719172.89,0,785172.07,White List
66ec0e8a76849eb4541a6387,1,CASH_OUT,94038.9,C293474277,0,C998351292,1015132.48,0,136065.07,White List
66ec0e8b76849eb4541a6388,1,CASH_OUT,26051.33,C413373997,0,C215145189,1891.79,0,28479.11,White List
66ec0e8c76849eb4541a6389,1,CASH_OUT,134143.27,C2024711353,0,C451111351,3940085.21,0,1754894.42,White List
66ec0e8d76849eb4541a638a,1,CASH_OUT,497424.19,C711310213,0,C932583850,2719172.89,0,930136.3,White List
66ec0e8e76849eb4541a638b,1,CASH_OUT,607616.73,C1267042315,0,C1286084959,2107778.11,0,1359923.49,White List
66ec0e8f76849eb4541a638c,1,CASH_OUT,681093.57,C1335061928,0,C1023714065,1412484.09,0,844302.4,White List
66ec0e9076849eb4541a638d,1,CASH_OUT,114057.61,C1108706191,0,C932583850,2719172.89,0,1427560.49,White List
66ec0e9176849eb4541a638e,1,CASH_OUT,205279.62,C1160487387,0,C932583850,2719172.89,0,1541618.1,White List
66ec0e9276849eb4541a638f,1,CASH_OUT,173512.93,C579447973,0,C1816757085,10681238.79,0,8354718.14,White List
66ec0e9376849eb4541a6390,1,CASH_OUT,166817.98,C1990421361,0,C1971489295,0,0,721630,White List
66ec0e9476849eb4541a6391,1,CASH_OUT,113283.13,C407148497,0,C885951223,215851.28,0,123001.91,White List
66ec0e9576849eb4541a6392,1,CASH_OUT,179030.05,C16373883,0,C1360767589,2107965.39,0,1357232.47,White List
66ec0e9676849eb4541a6393,1,CASH_OUT,94332,C1878700101,0,C1782113663,3997768.55,0,621561.65,White List
66ec0e9776849eb4541a6394,1,CASH_OUT,141111.15,C40875560,0,C2083562754,1186556.81,0,622023.34,White List
66ec0e9876849eb4541a6395,1,CASH_OUT,45756.23,C1042891691,0,C392292416,3420103.09,0,1393202.52,White List
66ec0e9976849eb4541a6396,1,CASH_OUT,6039.61,C1893563925,0,C1653844940,37203.61,0,31164,White List
66ec0e9a76849eb4541a6397,1,CASH_OUT,46261.02,C1251967187,0,C575335780,52415.15,0,85758.95,White List
66ec0e9b76849eb4541a6398,1,CASH_OUT,312471.16,C901689694,0,C1789550256,4619798.56,0,1803420.75,White List
66ec0e9c76849eb4541a6399,1,CASH_OUT,195490.04,C1107204185,0,C564160838,1254956.07,0,1104500.4,White List
66ec0e9d76849eb4541a639a,1,CASH_OUT,107308.84,C1523084197,0,C1291286504,66575.5,0,124605.82,White List
66ec0e9e76849eb4541a639b,1,CASH_OUT,48252.82,C1818747191,0,C451111351,3940085.21,0,1889037.69,White List
66ec0e9f76849eb4541a639c,1,CASH_OUT,25674.03,C747870628,0,C597190999,6830.83,0,30563,White List
66ec0ea076849eb4541a639d,1,CASH_OUT,63830.49,C421191743,0,C1531333864,55974.56,0,412307.54,White List
66ec0ea176849eb4541a639e,1,CASH_OUT,96178.8,C9844218,0,C1749186397,277515.05,0,111973.96,White List
66ec0ea276849eb4541a639f,1,CASH_OUT,155122.86,C1403716230,0,C997608398,157982.12,0,367930.17,White List
66ec0ea376849eb4541a63a0,1,CASH_OUT,171757.76,C1673916398,0,C2050019814,0,0,205811.8,White List
66ec0ea476849eb4541a63a1,1,CASH_OUT,8809.04,C756080817,0,C1740000325,1363368.51,0,137034.36,White List
66ec0ea576849eb4541a63a2,1,CASH_OUT,27320.2,C479734028,0,C614685048,0,0,79191.11,White List
66ec0ea676849eb4541a63a3,1,CASH_OUT,517915.91,C388802347,0,C1170794006,22190.99,0,4404060.84,White List
66ec0ea776849eb4541a63a4,1,CASH_OUT,34629.16,C1541046463,0,C1860513229,0,0,38735.74,White List
66ec0ea876849eb4541a63a5,1,CASH_OUT,94296.25,C1910896157,0,C401424608,1178808.14,0,336692.95,White List
66ec0ea976849eb4541a63a6,1,CASH_OUT,285360.06,C753426788,0,C1782113663,3997768.55,0,715893.66,White List
66ec0eaa76849eb4541a63a7,1,CASH_OUT,161445.91,C1586470445,0,C557041912,557537.26,0,277471.11,White List
66ec0eab76849eb4541a63a8,1,CASH_OUT,386683.04,C1373577787,0,C33524623,1517262.16,0,1352623.44,White List
66ec0eac76849eb4541a63a9,1,CASH_OUT,169854.57,C265577219,0,C1816757085,10681238.79,0,8528231.07,White List
66ec0ead76849eb4541a63aa,1,CASH_OUT,126167.7,C1624817884,0,C248609774,6453430.91,0,3278196.43,White List
66ec0eae76849eb4541a63ab,1,CASH_OUT,152757.58,C1107579932,0,C1262822392,12494367.15,0,8356019.04,White List
66ec0eaf76849eb4541a63ac,1,CASH_OUT,49661.18,C1784834205,0,C451111351,3940085.21,0,1937290.51,White List
66ec0eb076849eb4541a63ad,1,CASH_OUT,73513.5,C1174586025,0,C1750905143,424250.45,0,236639,White List
66ec0eb176849eb4541a63ae,1,CASH_OUT,166335.32,C1627010197,0,C33524623,1517262.16,0,1739306.48,White List
66ec0eb276849eb4541a63af,1,CASH_OUT,234268.82,C4073506,0,C1750905143,424250.45,0,310152.51,White List
66ec0eb376849eb4541a63b0,1,CASH_OUT,306280.12,C2044825144,0,C1360767589,2107965.39,0,1536262.52,White List
66ec0eb476849eb4541a63b1,1,CASH_OUT,194620.68,C698747943,0,C453211571,3461666.05,0,610710.98,White List
66ec0eb576849eb4541a63b2,1,CASH_OUT,128278.74,C407493402,0,C1262822392,12494367.15,0,8508776.62,White List
66ec0eb676849eb4541a63b3,1,CASH_OUT,256773.54,C1774690057,0,C1971489295,0,0,888447.97,White List
66ec0eb776849eb4541a63b4,1,CASH_OUT,105759.12,C480402503,0,C1318822808,500631.71,0,332876.84,White List
66ec0eb876849eb4541a63b5,1,CASH_OUT,59390.46,C100445376,0,C977993101,965870.05,0,73791.34,White List
66ec0eb976849eb4541a63b6,1,CASH_OUT,131991.26,C1396385390,0,C1971489295,0,0,1145221.51,White List
66ec0eba76849eb4541a63b7,1,CASH_OUT,65025.3,C114414807,0,C977993101,965870.05,0,133181.81,White List
66ec0ebb76849eb4541a63b8,1,CASH_OUT,82054.36,C144699438,0,C1526298704,32092.07,0,174795.14,White List
66ec0ebc76849eb4541a63b9,1,CASH_OUT,69708.79,C1751500625,0,C1335050193,353532.56,0,71982.88,White List
66ec0ebd76849eb4541a63ba,1,CASH_OUT,9104.26,C1650955365,0,C990355670,19727.26,0,10623,White List
66ec0ebe76849eb4541a63bb,1,CASH_OUT,92553.64,C1788380050,0,C1182461167,23508.22,0,297655.51,White List
66ec0ebf76849eb4541a63bc,1,CASH_OUT,66312.08,C493944943,0,C1750905143,424250.45,0,544421.33,White List
66ec0ec076849eb4541a63bd,1,CASH_OUT,142282.63,C1533547487,0,C453211571,3461666.05,0,805331.66,White List
66ec0ec176849eb4541a63be,1,CASH_OUT,114499.14,C99770475,0,C1899073220,420946.86,0,129297.57,White List
66ec0ec276849eb4541a63bf,1,CASH_OUT,76635.24,C727250772,0,C357863579,92307.65,0,102696.35,White List
66ec0ec376849eb4541a63c0,1,CASH_OUT,132574,C1052768296,0,C977993101,965870.05,0,198207.11,White List
66ec0ec476849eb4541a63c1,1,CASH_OUT,39485.21,C626193099,0,C1883840933,16874643.09,0,9987286.56,White List
66ec0ec576849eb4541a63c2,1,CASH_OUT,236825.42,C859123506,0,C1899073220,420946.86,0,243796.7,White List
66ec0ec676849eb4541a63c3,1,CASH_OUT,327066.19,C1597742167,0,C453211571,3461666.05,0,947614.29,White List
66ec0ec776849eb4541a63c4,1,CASH_OUT,156819.6,C503595296,0,C1318822808,500631.71,0,438635.96,White List
66ec0ec876849eb4541a63c5,1,CASH_OUT,13136.44,C754072705,0,C1023714065,1412484.09,0,1525395.97,White List
66ec0eca76849eb4541a63c6,1,PAYMENT,4306.89,C908384914,252542.6,M905847077,0,256849.49,0,White List
66ec0eca76849eb4541a63c7,1,PAYMENT,8309.52,C156199931,244233.08,M878991463,0,252542.6,0,White List
66ec0ecc76849eb4541a63c8,1,PAYMENT,5363.35,C612693043,76140.48,M1622613647,0,81503.83,0,White List
66ec0ecd76849eb4541a63c9,1,PAYMENT,132.42,C307605969,76008.06,M73688220,0,76140.48,0,White List
66ec0ece76849eb4541a63ca,1,PAYMENT,19644.08,C130166095,56363.98,M1599674462,0,76008.06,0,White List
66ec0ecf76849eb4541a63cb,1,PAYMENT,895.24,C1623060829,55468.74,M1205483858,0,56363.98,0,White List
66ec0ed076849eb4541a63cc,1,PAYMENT,7641.08,C1373949107,47827.66,M1189651769,0,55468.74,0,White List
66ec0ed176849eb4541a63cd,1,PAYMENT,31188.22,C1230013344,16639.44,M1607869297,0,47827.66,0,White List
66ec0ed276849eb4541a63ce,1,PAYMENT,13954.75,C681639276,2684.69,M727860268,0,16639.44,0,White List
66ec0ed376849eb4541a63cf,1,PAYMENT,10497.33,C1717739363,0,M138536309,0,2684.69,0,White List
66ec0ed476849eb4541a63d0,1,PAYMENT,5843.75,C665137804,0,M509559152,0,0,0,White List
66ec0ed576849eb4541a63d1,1,PAYMENT,7260.2,C1815370847,0,M1801021153,0,0,0,White List
66ec0ed676849eb4541a63d2,1,PAYMENT,10285.86,C1709578324,0,M22446425,0,0,0,White List
66ec0ed776849eb4541a63d3,1,PAYMENT,6249.78,C1338958728,0,M1870723838,0,0,0,White List
66ec0ed876849eb4541a63d4,1,PAYMENT,848.74,C988904418,0,M261650860,0,0,0,White List
66ec0ed976849eb4541a63d5,1,PAYMENT,6993.7,C938613108,0,M1598898814,0,0,0,White List
66ec0eda76849eb4541a63d6,1,PAYMENT,795.29,C1850874910,9564.71,M575360353,0,10360,0,White List
66ec0edb76849eb4541a63d7,1,PAYMENT,9191.46,C97901029,0,M809383315,0,0,0,White List
66ec0edc76849eb4541a63d8,1,CASH_OUT,132038.41,C1324514662,0,C998351292,1015132.48,0,230103.96,White List
66ec0edd76849eb4541a63d9,1,PAYMENT,6495.27,C908722588,15544.73,M496757837,0,22040,0,White List
66ec0ede76849eb4541a63da,1,PAYMENT,1679.68,C1548271808,13865.06,M17600354,0,15544.73,0,White List
66ec0edf76849eb4541a63db,1,TRANSFER,47477.97,C1733056574,0,C1629911510,15375.37,6066,144658.38,White List
66ec0ee076849eb4541a63dc,1,DEBIT,1260.62,C636959006,222.38,C1686100174,9837.06,1483,10086,White List
66ec0ee176849eb4541a63dd,1,PAYMENT,15034.23,C1059300256,25423.77,M1521568953,0,40458,0,White List
66ec0ee276849eb4541a63de,1,PAYMENT,3238.39,C1605988985,25534.61,M1134202713,0,28773,0,White List
66ec0ee376849eb4541a63df,1,CASH_OUT,251241.14,C1636178473,0,C997608398,157982.12,25534.61,523053.03,White List
66ec0ee476849eb4541a63e0,1,PAYMENT,3644.12,C822232612,0,M633131207,0,1230,0,White List
66ec0ee576849eb4541a63e1,1,CASH_OUT,283123.48,C852190062,214285.52,C1831477404,247063.16,497409,16872,White List
66ec0ee676849eb4541a63e2,1,PAYMENT,2851.83,C1674403916,7794.17,M1088239991,0,10646,0,White List
66ec0ee776849eb4541a63e3,1,CASH_IN,94726.64,C61137731,164580.77,C476800120,49864.36,69854.13,129704.88,White List
66ec0ee876849eb4541a63e4,1,PAYMENT,17020.69,C1780293706,147560.08,M1658511941,0,164580.77,0,White List
66ec0ee976849eb4541a63e5,1,PAYMENT,6523.19,C1264941544,141036.89,M1878992188,0,147560.08,0,White List
66ec0eea76849eb4541a63e6,1,PAYMENT,1383.56,C1818449913,3925.44,M1495161082,0,5309,0,White List
66ec0eeb76849eb4541a63e7,1,DEBIT,1580.66,C961859592,29575.34,C1556995360,0,31156,12298,White List
66ec0eec76849eb4541a63e8,1,PAYMENT,2466.95,C798278875,32511.29,M1497268815,0,34978.24,0,White List
66ec0eed76849eb4541a63e9,1,PAYMENT,1017.85,C1926027290,31493.45,M1837601499,0,32511.29,0,White List
66ec0eee76849eb4541a63ea,1,PAYMENT,2270.41,C1690050988,58369.71,M1228798862,0,60640.12,0,White List
66ec0eef76849eb4541a63eb,1,CASH_OUT,102265.88,C1562764987,0,C392292416,3420103.09,58369.71,1438958.75,White List
66ec0ef076849eb4541a63ec,1,DEBIT,13758.63,C216376974,16099.37,C1219161283,0,29858,21305,White List
66ec0ef176849eb4541a63ed,1,CASH_IN,5221.77,C164714495,6267.77,C317071334,139555.44,1046,0,White List
66ec0ef276849eb4541a63ee,1,PAYMENT,12256.66,C789982400,8543.34,M1576277927,0,20800,0,White List
66ec0ef376849eb4541a63ef,1,PAYMENT,8227.3,C2080643905,0,M2137642385,0,6207,0,White List
66ec0ef476849eb4541a63f0,1,PAYMENT,527.15,C1627883152,71893.85,M481553464,0,72421,0,White List
66ec0ef576849eb4541a63f1,1,PAYMENT,950.25,C1076966140,203993.75,M1908781622,0,204944,0,White List
66ec0ef676849eb4541a63f2,1,PAYMENT,12728.46,C749443480,70907.54,M796553753,0,83636,0,White List
66ec0ef776849eb4541a63f3,1,PAYMENT,1002.96,C1721045976,7322.04,M975001918,0,8325,0,White List
66ec0ef876849eb4541a63f4,1,PAYMENT,6917.1,C1250582716,6637.9,M907815246,0,13555,0,White List
66ec0ef976849eb4541a63f5,1,PAYMENT,1977.17,C2019157894,41641.83,M677217562,0,43619,0,White List
66ec0efa76849eb4541a63f6,1,PAYMENT,9314.84,C827035437,95221.16,M1716164115,0,104536,0,White List
66ec0efb76849eb4541a63f7,1,PAYMENT,1157.05,C1360541835,51709.95,M363397863,0,52867,0,White List
66ec0efc76849eb4541a63f8,1,DEBIT,3766.99,C2021053848,12833.01,C1123629720,46393.85,16600,146166.67,White List
66ec0efd76849eb4541a63f9,1,PAYMENT,3464.41,C1245593227,2083.59,M1525844775,0,5548,0,White List
66ec0efe76849eb4541a63fa,1,CASH_OUT,68662.06,C118555812,0,C1740000325,1363368.51,2083.59,145843.39,White List
66ec0eff76849eb4541a63fb,1,DEBIT,8679.29,C1233505227,141912.71,C1877453512,0,150592,21056,White List
66ec0f0076849eb4541a63fc,1,PAYMENT,15266.05,C1928621590,0,M1016162524,0,13679,0,White List
66ec0f0176849eb4541a63fd,1,PAYMENT,8348.75,C858423246,0,M1419125235,0,0,0,White List
66ec0f0276849eb4541a63fe,1,PAYMENT,8419.73,C88301993,0,M841166421,0,0,0,White List
66ec0f0376849eb4541a63ff,1,PAYMENT,6688.74,C1377301456,2518.26,M938199512,0,9207,0,White List
66ec0f0476849eb4541a6400,1,PAYMENT,1979.94,C691779749,80054.06,M37841489,0,82034,0,White List
66ec0f0576849eb4541a6401,1,PAYMENT,9574.31,C1873121466,42888.69,M115945887,0,52463,0,White List
66ec0f0676849eb4541a6402,1,PAYMENT,5287.68,C1927499639,6136.32,M2079961240,0,11424,0,White List
66ec0f0776849eb4541a6403,1,PAYMENT,10627.18,C949673757,0,M1999664216,0,6136.32,0,White List
66ec0f0876849eb4541a6404,1,PAYMENT,5809.78,C532677950,94074.22,M688593710,0,99884,0,White List
66ec0f0976849eb4541a6405,1,TRANSFER,411363.54,C1200048933,0,C1049817027,60738.03,39951,52170,White List
66ec0f0a76849eb4541a6406,1,PAYMENT,4086.5,C862025017,0,M739737502,0,0,0,White List
66ec0f0b76849eb4541a6407,1,PAYMENT,19741.22,C1572127577,62021.17,M546796969,0,81762.38,0,White List
66ec0f0c76849eb4541a6408,1,PAYMENT,5270.72,C417797183,56750.45,M261845810,0,62021.17,0,White List
66ec0f0d76849eb4541a6409,1,CASH_IN,55827.09,C1959708563,65734.09,C1850180796,1268668.92,9907,19873,White List
66ec0f0e76849eb4541a640a,1,CASH_OUT,174068.82,C1877986974,0,C33524623,1517262.16,65734.09,1905641.8,White List
66ec0f0f76849eb4541a640b,1,TRANSFER,1277212.77,C1334405552,0,C431687661,0,1277212.77,0,White List
66ec0f1076849eb4541a640c,1,CASH_OUT,1277212.77,C467632528,0,C716083600,2444985.19,1277212.77,0,White List
66ec0f1176849eb4541a640d,1,CASH_IN,24105.5,C422522663,24249.5,C644345897,0,144,20875,White List
66ec0f1276849eb4541a640e,1,PAYMENT,6854.06,C145066402,12998.94,M207988207,0,19853,0,White List
66ec0f1376849eb4541a640f,1,CASH_OUT,111899.09,C1800500978,0,C1883840933,16874643.09,12998.94,10026771.77,White List
66ec0f1476849eb4541a6410,1,PAYMENT,1231.79,C191310504,19560.21,M799755007,0,20792,0,White List
66ec0f1576849eb4541a6411,1,PAYMENT,3380.1,C247515192,16180.11,M1850137076,0,19560.21,0,White List
66ec0f1676849eb4541a6412,1,DEBIT,2869.65,C1556520190,5898.35,C1664439369,5484.37,8768,15485,White List
66ec0f1776849eb4541a6413,1,PAYMENT,1658.87,C701487403,14884.13,M566641954,0,16543,0,White List
66ec0f1876849eb4541a6414,1,PAYMENT,823.36,C2039984535,14060.77,M299819831,0,14884.13,0,White List
66ec0f1976849eb4541a6415,1,PAYMENT,7541.47,C1175418534,6519.3,M1442038800,0,14060.77,0,White List
66ec0f1a76849eb4541a6416,1,DEBIT,3635.93,C296541232,103293.07,C288665596,8496.61,106929,95816.79,White List
66ec0f1b76849eb4541a6417,1,PAYMENT,1328.59,C1997357673,13140.41,M1250603112,0,14469,0,White List
66ec0f1c76849eb4541a6418,1,TRANSFER,56145.85,C26357357,0,C1058634310,33008.44,21528,5075,White List
66ec0f1d76849eb4541a6419,1,PAYMENT,973.18,C1990733619,9788.82,M1806378373,0,10762,0,White List
66ec0f1e76849eb4541a641a,1,PAYMENT,619.24,C1958592872,31340.76,M1682733268,0,31960,0,White List
66ec0f1f76849eb4541a641b,1,DEBIT,300.41,C1395262169,38866.59,C736709391,46820.71,39167,48749.55,White List
66ec0f2076849eb4541a641c,1,TRANSFER,700967.19,C1629454900,0,C1060830840,130747.56,15383,50767.43,White List
66ec0f2176849eb4541a641d,1,PAYMENT,8354.27,C2075372030,0,M2092885124,0,5611,0,White List
66ec0f2276849eb4541a641e,1,DEBIT,5423.28,C2139168000,14857.72,C367746789,0,20281,11523,White List
66ec0f2376849eb4541a641f,1,PAYMENT,708.59,C1653751526,14149.13,M67671827,0,14857.72,0,White List
66ec0f2476849eb4541a6420,1,PAYMENT,8358.81,C253348306,0,M2013768748,0,3467,0,White List
66ec0f2576849eb4541a6421,1,PAYMENT,2245.62,C194107588,28664.38,M1264674474,0,30910,0,White List
66ec0f2676849eb4541a6422,1,PAYMENT,4593.59,C175595853,73688.41,M1339345635,0,78282,0,White List
66ec0f2876849eb4541a6423,1,PAYMENT,399.66,C1241938981,153360.34,M168957945,0,153760,0,White List
66ec0f2976849eb4541a6424,1,PAYMENT,1617.9,C1004430079,506247.1,M1379148981,0,507865,0,White List
66ec0f2a76849eb4541a6425,1,PAYMENT,2167.26,C732597634,11501.74,M832432849,0,13669,0,White List
66ec0f2b76849eb4541a6426,1,PAYMENT,9738.95,C2031927175,280009.05,M176041373,0,289748,0,White List
66ec0f2c76849eb4541a6427,1,PAYMENT,3396.25,C1967617997,15127.75,M726843606,0,18524,0,White List
66ec0f2d76849eb4541a6428,1,PAYMENT,6780.78,C925803196,45859.22,M1288135425,0,52640,0,White List
66ec0f2e76849eb4541a6429,1,PAYMENT,2284.54,C49318987,0,M1058650291,0,539,0,White List
66ec0f2f76849eb4541a642a,1,PAYMENT,502.61,C2111882926,14653.39,M172518776,0,15156,0,White List
66ec0f3076849eb4541a642b,1,PAYMENT,8716.47,C215759534,0,M2129844134,0,8236,0,White List
66ec0f3176849eb4541a642c,1,CASH_OUT,209370.56,C98351968,0,C885951223,215851.28,0,236285.04,White List
66ec0f3276849eb4541a642d,1,CASH_OUT,117023.79,C1278616846,0,C22805895,651524.92,0,121366.44,White List
66ec0f3376849eb4541a642e,1,PAYMENT,10891.96,C559050604,0,M1240843015,0,4986.72,0,White List
66ec0f3476849eb4541a642f,1,PAYMENT,4149.86,C697460450,0,M1416706187,0,0,0,White List
66ec0f3576849eb4541a6430,1,PAYMENT,13252.81,C1726616678,0,M23076423,0,0,0,White List
66ec0f3676849eb4541a6431,1,PAYMENT,1213.64,C1006624255,84864.36,M1721180011,0,86078,0,White List
66ec0f3776849eb4541a6432,1,PAYMENT,5800.85,C1349025531,35224.15,M1367068823,0,41025,0,White List
66ec0f3876849eb4541a6433,1,PAYMENT,8094.53,C338620258,42855.47,M1251788491,0,50950,0,White List
66ec0f3976849eb4541a6434,1,PAYMENT,3825.39,C1502668485,268.61,M1457551880,0,4094,0,White List
66ec0f3a76849eb4541a6435,1,PAYMENT,12162.01,C903268937,26210.19,M424732838,0,38372.2,0,White List
66ec0f3b76849eb4541a6436,1,CASH_OUT,472385.25,C1193841543,0,C392292416,3420103.09,26210.19,1541224.63,White List
66ec0f3c76849eb4541a6437,1,PAYMENT,13427.34,C315461968,89244.66,M290096578,0,102672,0,White List
66ec0f3d76849eb4541a6438,1,PAYMENT,1873.13,C255941269,137999.87,M217470033,0,139873,0,White List
66ec0f3e76849eb4541a6439,1,PAYMENT,6443.58,C1917784974,0,M938405008,0,546,0,White List
66ec0f3f76849eb4541a643a,1,PAYMENT,4008.01,C855547146,101380.99,M211031000,0,105389,0,White List
66ec0f4076849eb4541a643b,1,CASH_OUT,197186.52,C105751207,0,C998351292,1015132.48,101380.99,362142.37,White List
66ec0f4176849eb4541a643c,1,PAYMENT,1220.37,C1174881426,158570.63,M14124949,0,159791,0,White List
66ec0f4276849eb4541a643d,1,DEBIT,1683.95,C745627268,15057.05,C1686100174,9837.06,16741,11346.62,White List
66ec0f4376849eb4541a643e,1,PAYMENT,2713.67,C1195542839,17496.33,M1000171161,0,20210,0,White List
66ec0f4476849eb4541a643f,1,PAYMENT,4867.56,C130721104,25985.64,M560549459,0,30853.2,0,White List
66ec0f4576849eb4541a6440,1,CASH_OUT,242940.23,C1924227192,0,C453211571,3461666.05,25985.64,1274680.48,White List
66ec0f4676849eb4541a6441,1,PAYMENT,4433.98,C583559449,6497.02,M1895479349,0,10931,0,White List
66ec0f4776849eb4541a6442,1,PAYMENT,2168.8,C453671855,651566.2,M1648458262,0,653735,0,White List
66ec0f4876849eb4541a6443,1,PAYMENT,10059.7,C52451302,716.3,M650013863,0,10776,0,White List
66ec0f4976849eb4541a6444,1,PAYMENT,8092.1,C1856093404,0,M123337428,0,1302,0,White List
66ec0f4a76849eb4541a6445,1,PAYMENT,11770.54,C105321150,243717.46,M1397333381,0,255488,0,White List
66ec0f4b76849eb4541a6446,1,PAYMENT,1576.78,C820878444,16840.22,M2016038911,0,18417,0,White List
66ec0f4c76849eb4541a6447,1,PAYMENT,320.53,C1187410086,16161.47,M1509713998,0,16482,0,White List
66ec0f4d76849eb4541a6448,1,DEBIT,3390.74,C95322593,44630.26,C1336996537,0,48021,9463,White List
66ec0f4e76849eb4541a6449,1,PAYMENT,2736.35,C802255644,19890.19,M1525114112,0,22626.55,0,White List
66ec0f4f76849eb4541a644a,1,PAYMENT,6029.92,C1617156106,13860.27,M288615534,0,19890.19,0,White List
66ec0f5076849eb4541a644b,1,PAYMENT,7506.65,C895366343,6353.62,M1416665097,0,13860.27,0,White List
66ec0f5176849eb4541a644c,1,PAYMENT,12621.09,C707635461,99799.91,M619929778,0,112421,0,White List
66ec0f5276849eb4541a644d,1,PAYMENT,1582.67,C1624211687,12945.33,M808447015,0,14528,0,White List
66ec0f5376849eb4541a644e,1,PAYMENT,881.26,C1997344422,4504.74,M1220806149,0,5386,0,White List
66ec0f5476849eb4541a644f,1,DEBIT,4651.67,C1410367298,30558.33,C824208363,0,35210,50204.54,White List
66ec0f5576849eb4541a6450,1,PAYMENT,8074.16,C454160179,13420.84,M74885833,0,21495,0,White List
66ec0f5676849eb4541a6451,1,PAYMENT,4337.08,C1827303532,9083.76,M1004009692,0,13420.84,0,White List
66ec0f5776849eb4541a6452,1,DEBIT,429.42,C791408866,45634.58,C1793436274,14566.06,46064,31281,White List
66ec0f5876849eb4541a6453,1,PAYMENT,7645.96,C515520300,0,M569138567,0,1798,0,White List
66ec0f5976849eb4541a6454,1,TRANSFER,221654.28,C637091966,0,C476800120,49864.36,22377,31493.45,White List
66ec0f5a76849eb4541a6455,1,PAYMENT,10932.41,C1428494531,0,M443110940,0,0,0,White List
66ec0f5b76849eb4541a6456,1,PAYMENT,4518.42,C1504321715,4271.58,M910123336,0,8790,0,White List
66ec0f5c76849eb4541a6457,1,PAYMENT,1616.52,C1260487756,48779.48,M455668354,0,50396,0,White List
66ec0f5d76849eb4541a6458,1,PAYMENT,3545.37,C328197868,94482.63,M1584918772,0,98028,0,White List
66ec0f5e76849eb4541a6459,1,CASH_IN,159334.62,C431164562,1906232.33,C242131142,0,1746897.72,15735.13,White List
66ec0f5f76849eb4541a645a,1,CASH_OUT,334262.17,C1163088324,1571970.16,C985934102,971418.91,1906232.33,1288904.4,White List
66ec0f6076849eb4541a645b,1,PAYMENT,5403.87,C696739588,9000.13,M1209451152,0,14404,0,White List
66ec0f6176849eb4541a645c,1,PAYMENT,13288.84,C1228963996,8456.16,M373437697,0,21745,0,White List
66ec0f6276849eb4541a645d,1,PAYMENT,7079.24,C82825098,6799.42,M2048102341,0,13878.66,0,White List
66ec0f6376849eb4541a645e,1,PAYMENT,4451.95,C932885627,2347.47,M813131188,0,6799.42,0,White List
66ec0f6476849eb4541a645f,1,PAYMENT,25554.79,C1251897263,0,M748006558,0,2347.47,0,White List
66ec0f6576849eb4541a6460,1,PAYMENT,6757.51,C1313799195,14116.49,M1168079523,0,20874,0,White List
66ec0f6676849eb4541a6461,1,PAYMENT,2756.3,C2093319848,25083.17,M2109027570,0,27839.46,0,White List
66ec0f6776849eb4541a6462,1,PAYMENT,4163.82,C1151512955,20919.34,M2052489518,0,25083.17,0,White List
66ec0f6876849eb4541a6463,1,DEBIT,5416.8,C712423434,45789.2,C1321530272,23174.68,51206,19346,White List
66ec0f6976849eb4541a6464,1,PAYMENT,8356.44,C2125470482,18449.56,M793269462,0,26806,0,White List
66ec0f6a76849eb4541a6465,1,DEBIT,7257.7,C1641672672,1362013.43,C461160828,17860.54,1369271.13,13711,White List
66ec0f6b76849eb4541a6466,1,PAYMENT,5570.5,C2121317689,1356442.93,M15094126,0,1362013.43,0,White List
66ec0f6c76849eb4541a6467,1,PAYMENT,9181.99,C1843743552,1347260.94,M1139609587,0,1356442.93,0,White List
66ec0f6d76849eb4541a6468,1,PAYMENT,663.34,C948960194,1346597.6,M173060252,0,1347260.94,0,White List
66ec0f6e76849eb4541a6469,1,PAYMENT,1532.35,C1302877661,1345065.25,M1720797452,0,1346597.6,0,White List
66ec0f6f76849eb4541a646a,1,PAYMENT,1180.55,C562561015,1343884.7,M777813771,0,1345065.25,0,White List
66ec0f7076849eb4541a646b,1,PAYMENT,7950.29,C567656864,1335934.41,M1306535359,0,1343884.7,0,White List
66ec0f7176849eb4541a646c,1,PAYMENT,5334.81,C1401295795,1330599.59,M519019247,0,1335934.41,0,White List
66ec0f7276849eb4541a646d,1,PAYMENT,760.21,C288919635,1329839.38,M1572442646,0,1330599.59,0,White List
66ec0f7376849eb4541a646e,1,PAYMENT,1697.56,C1052842393,609035.85,M1545327692,0,610733.41,0,White List
66ec0f7476849eb4541a646f,1,PAYMENT,112.56,C167013780,608923.29,M416049054,0,609035.85,0,White List
66ec0f7576849eb4541a6470,1,PAYMENT,13373.96,C779598031,595549.33,M743219449,0,608923.29,0,White List
66ec0f7676849eb4541a6471,1,DEBIT,6606.47,C108982313,0,C1870252780,46462.23,1862,18868.96,White List
66ec0f7776849eb4541a6472,1,CASH_OUT,208501.33,C2113243119,0,C1816757085,10681238.79,0,8698085.64,White List
66ec0f7876849eb4541a6473,1,PAYMENT,1045.63,C1851255134,25365.85,M659937029,0,26411.48,0,White List
66ec0f7976849eb4541a6474,1,CASH_OUT,363482.02,C1457226878,0,C1899073220,420946.86,25365.85,480622.13,White List
66ec0f7a76849eb4541a6475,1,DEBIT,2935.86,C121678773,38320.14,C1259769769,252055.24,41256,18899.88,White List
66ec0f7b76849eb4541a6476,1,CASH_IN,88626.65,C1443675930,127709.65,C403147759,0,39083,13360,White List
66ec0f7c76849eb4541a6477,1,CASH_OUT,540789.56,C1609086753,0,C1023714065,1412484.09,18130,1538532.42,White List
66ec0f7d76849eb4541a6478,1,PAYMENT,10430.39,C1427775702,62934.52,M1468343491,0,73364.91,0,White List
66ec0f7e76849eb4541a6479,1,PAYMENT,4279.07,C1690481990,58655.45,M2114537280,0,62934.52,0,White List
66ec0f7f76849eb4541a647a,1,PAYMENT,3537.25,C2047984839,55118.2,M80499834,0,58655.45,0,White List
66ec0f8076849eb4541a647b,1,TRANSFER,66225.76,C1968552224,0,C367746789,0,11642,16946.28,White List
66ec0f8176849eb4541a647c,1,PAYMENT,964.77,C1095947149,27855.23,M898695324,0,28820,0,White List
66ec0f8376849eb4541a647d,1,PAYMENT,12178.51,C1402531280,0,M190628410,0,0,0,White List
66ec0f8476849eb4541a647e,1,CASH_OUT,310157.55,C1556461159,0,C1590550415,19169204.93,0,19105114.55,White List
66ec0f8576849eb4541a647f,1,PAYMENT,2272.54,C1642973315,37221.46,M1972326147,0,39494,0,White List
66ec0f8676849eb4541a6480,1,PAYMENT,6078.56,C405741210,10045.44,M1764291958,0,16124,0,White List
66ec0f8776849eb4541a6481,1,PAYMENT,4108.8,C1712230656,7974.2,M1777745301,0,12083,0,White List
66ec0f8876849eb4541a6482,1,PAYMENT,2671.31,C164439551,55139.69,M669053685,0,57811,0,White List
66ec0f8976849eb4541a6483,1,PAYMENT,12426.38,C896852376,19873.62,M1840670774,0,32300,0,White List
66ec0f8a76849eb4541a6484,1,PAYMENT,17373.04,C229919394,2500.58,M769877691,0,19873.62,0,White List
66ec0f8b76849eb4541a6485,1,PAYMENT,7272.63,C1057569470,78446.37,M1637876401,0,85719,0,White List
66ec0f8c76849eb4541a6486,1,PAYMENT,6548.43,C1324262781,197767.57,M2014233765,0,204316,0,White List
66ec0f8d76849eb4541a6487,1,PAYMENT,2644.63,C237297104,0,M1869673263,0,117,0,White List
66ec0f8e76849eb4541a6488,1,PAYMENT,6776.93,C1418622705,0,M1521204009,0,5031,0,White List
66ec0f8f76849eb4541a6489,1,PAYMENT,1810.41,C1925785585,0,M449338124,0,0,0,White List
66ec0f9076849eb4541a648a,1,DEBIT,2586.39,C1037475674,27272.61,C392292416,3420103.09,29859,2013609.89,White List
66ec0f9176849eb4541a648b,1,TRANSFER,47564.74,C983767354,0,C1671179293,58319.72,359.21,82250,White List
66ec0f9276849eb4541a648c,1,PAYMENT,5485.04,C32393008,0,M1504083002,0,0,0,White List
66ec0f9376849eb4541a648d,1,DEBIT,2644.54,C1342374939,37050.46,C1948471365,18627.02,39695,63960,White List
66ec0f9476849eb4541a648e,1,PAYMENT,9361.47,C1917562344,22547.53,M24097622,0,31909,0,White List
66ec0f9576849eb4541a648f,1,PAYMENT,1193.24,C1807894765,0,M598325842,0,280,0,White List
66ec0f9676849eb4541a6490,1,DEBIT,9549.7,C211973922,0,C728885526,897150.84,130,36655,White List
66ec0f9776849eb4541a6491,1,CASH_OUT,593.4,C1890287843,0,C1123629720,46393.85,0,149933.66,White List
66ec0f9876849eb4541a6492,1,PAYMENT,1122.14,C156711739,29083.86,M1732410217,0,30206,0,White List
66ec0f9976849eb4541a6493,1,TRANSFER,264361.19,C2017860548,0,C716083600,2444985.19,29083.86,1277212.77,White List
66ec0f9a76849eb4541a6494,1,PAYMENT,8148.08,C1413886135,0,M1693997031,0,5451,0,White List
66ec0f9b76849eb4541a6495,1,PAYMENT,8264.22,C278262050,164385.78,M1489322191,0,172650,0,White List
66ec0f9c76849eb4541a6496,1,PAYMENT,3393.22,C1029898472,337267.78,M461516748,0,340661,0,White List
66ec0f9d76849eb4541a6497,1,PAYMENT,2392.53,C614580607,101748.47,M1443900956,0,104141,0,White List
66ec0f9e76849eb4541a6498,1,PAYMENT,5324.43,C1934692470,476683.72,M2032647583,0,482008.15,0,White List
66ec0f9f76849eb4541a6499,1,CASH_OUT,160700.51,C1395073533,315983.22,C557041912,557537.26,476683.72,438917.02,White List
66ec0fa076849eb4541a649a,1,DEBIT,8901.32,C68195659,0,C240650537,0,8687.52,13182.08,White List
66ec0fa176849eb4541a649b,1,CASH_OUT,9864.23,C2142893855,0,C1254526270,0,0,15207.22,White List
66ec0fa276849eb4541a649c,1,PAYMENT,8791.02,C993420850,32538.98,M1374982240,0,41330,0,White List
66ec0fa376849eb4541a649d,1,TRANSFER,35063.63,C1364127192,0,C1136419747,0,35063.63,0,White List
66ec0fa476849eb4541a649e,1,CASH_OUT,35063.63,C1635772897,0,C1983025922,7550.03,35063.63,31140,White List
66ec0fa576849eb4541a649f,1,PAYMENT,1066.04,C1768952842,49173.96,M485686996,0,50240,0,White List
66ec0fa676849eb4541a64a0,1,DEBIT,5430.64,C989126847,226.11,C1526298704,32092.07,5656.75,244233.08,White List
66ec0fa776849eb4541a64a1,1,CASH_OUT,161796.96,C609887969,0,C985934102,971418.91,226.11,1623166.58,White List
66ec0fa876849eb4541a64a2,1,CASH_OUT,107292.25,C1298380324,0,C1096283470,0,0,199498.92,White List
66ec0fa976849eb4541a64a3,1,PAYMENT,6488.6,C1181545730,76460.4,M1535116392,0,82949,0,White List
66ec0faa76849eb4541a64a4,1,PAYMENT,1617.97,C773348567,20465.43,M2115640742,0,22083.39,0,White List
66ec0fab76849eb4541a64a5,1,CASH_OUT,427175.03,C1602167682,0,C248609774,6453430.91,20465.43,3404364.13,White List
66ec0fac76849eb4541a64a6,1,DEBIT,6765.12,C67620673,43551.88,C1122805102,23568.91,50317,16803.8,White List
66ec0fad76849eb4541a64a7,1,DEBIT,3269.72,C1746257394,19636.54,C793315160,139915.18,22906.25,25808.5,White List
66ec0fae76849eb4541a64a8,1,PAYMENT,9499.4,C1187779195,10137.14,M1611221523,0,19636.54,0,White List
66ec0faf76849eb4541a64a9,1,PAYMENT,865.77,C1523510420,0,M473073770,0,0,0,White List
66ec0fb076849eb4541a64aa,1,CASH_OUT,151096.79,C977997405,0,C1049817027,60738.03,0,463533.54,White List
66ec0fb176849eb4541a64ab,1,DEBIT,4244.4,C280531669,1810.6,C1360767589,2107965.39,6055,1842542.65,White List
66ec0fb276849eb4541a64ac,1,PAYMENT,885.9,C1027569178,924.7,M893835279,0,1810.6,0,White List
66ec0fb376849eb4541a64ad,1,PAYMENT,4322.17,C1469907228,46818.83,M57085696,0,51141,0,White List
66ec0fb476849eb4541a64ae,1,PAYMENT,7664.12,C1160652496,0,M1185618138,0,129,0,White List
66ec0fb576849eb4541a64af,1,PAYMENT,3644.85,C2030138610,20466.15,M1109752797,0,24111,0,White List
66ec0fb676849eb4541a64b0,1,PAYMENT,12462.9,C1988746735,20717.1,M1752856108,0,33180,0,White List
66ec0fb776849eb4541a64b1,1,PAYMENT,3014.54,C439232821,12470.46,M1933328958,0,15485,0,White List
66ec0fb876849eb4541a64b2,1,PAYMENT,5880.33,C1264754451,5712.67,M1888639813,0,11593,0,White List
66ec0fb976849eb4541a64b3,1,PAYMENT,14025.72,C463381475,6283.28,M178401052,0,20309,0,White List
66ec0fba76849eb4541a64b4,1,PAYMENT,12187.88,C1441243996,10284.12,M936219350,0,22472,0,White List
66ec0fbb76849eb4541a64b5,1,PAYMENT,10777.89,C1495445111,95026.11,M1113829504,0,105804,0,White List
66ec0fbc76849eb4541a64b6,1,PAYMENT,708.82,C720770771,42615.18,M1911978617,0,43324,0,White List
66ec0fbd76849eb4541a64b7,1,DEBIT,5633.3,C1038820134,56060.7,C1961176822,0,61694,49578,White List
66ec0fbe76849eb4541a64b8,1,PAYMENT,2223.41,C1658020779,0,M2022285740,0,17,0,White List
66ec0fbf76849eb4541a64b9,1,PAYMENT,2195.63,C988690806,7124.37,M1593368350,0,9320,0,White List
66ec0fc076849eb4541a64ba,1,DEBIT,1668.11,C667890001,0,C673068808,9672.67,1080,17145.04,White List
66ec0fc176849eb4541a64bb,1,TRANSFER,281425.06,C310276293,0,C1831477404,247063.16,0,299995.48,White List
66ec0fc276849eb4541a64bc,1,TRANSFER,18561.23,C1494277749,0,C1629911510,15375.37,0,192136.35,White List
66ec0fc376849eb4541a64bd,1,TRANSFER,39069.42,C1091107430,0,C22805895,651524.92,0,238390.23,White List
66ec0fc476849eb4541a64be,1,TRANSFER,63186.93,C521342639,0,C1123629720,46393.85,0,150527.05,White List
66ec0fc576849eb4541a64bf,1,TRANSFER,419757.69,C2114629072,0,C998351292,1015132.48,0,559328.89,White List
66ec0fc676849eb4541a64c0,1,TRANSFER,127920.4,C557197074,0,C977993101,965870.05,0,330781.11,White List
66ec0fc776849eb4541a64c1,1,TRANSFER,11136.72,C669725336,0,C1782580546,27316.83,0,16180.11,White List
66ec0fc876849eb4541a64c2,1,TRANSFER,33782.98,C537536188,0,C1973538135,16896.7,0,39134.79,White List
66ec0fc976849eb4541a64c3,1,TRANSFER,3776389.09,C197491520,0,C1883840933,16874643.09,0,10138670.86,White List
66ec0fca76849eb4541a64c4,1,TRANSFER,1127058.69,C458998685,0,C453211571,3461666.05,0,1517620.71,White List
66ec0fcb76849eb4541a64c5,1,TRANSFER,112401.53,C1700421020,0,C1688019098,97263.78,0,259740.13,White List
66ec0fcc76849eb4541a64c6,1,TRANSFER,668237.36,C345290829,0,C1789550256,4619798.56,0,2115891.91,White List
66ec0fcd76849eb4541a64c7,1,TRANSFER,789419.02,C883678948,0,C1286084959,2107778.11,0,1967540.22,White List
66ec0fce76849eb4541a64c8,1,TRANSFER,569068.84,C1906947271,0,C1782113663,3997768.55,0,1001253.72,White List
66ec0fcf76849eb4541a64c9,1,TRANSFER,682894.68,C1177072083,0,C1023714065,1412484.09,0,2079321.97,White List
66ec0fd076849eb4541a64ca,1,TRANSFER,443116.03,C2010070923,0,C564160838,1254956.07,0,1299990.45,White List
66ec0fd176849eb4541a64cb,1,TRANSFER,3942.44,C502891368,0,C1225616405,0,0,25716.56,White List
66ec0fd276849eb4541a64cc,1,TRANSFER,539430.95,C566891420,0,C1750905143,424250.45,0,595549.33,White List
66ec0fd376849eb4541a64cd,1,TRANSFER,598782.65,C577734751,0,C453211571,3461666.05,0,2644679.4,White List
66ec0fd476849eb4541a64ce,1,TRANSFER,600581.61,C752011518,0,C1782113663,3997768.55,0,1570322.56,White List
66ec0fd576849eb4541a64cf,1,TRANSFER,221297.05,C2103569615,0,C1318822808,500631.71,0,595455.57,White List
66ec0fd676849eb4541a64d0,1,TRANSFER,249592.99,C214320652,0,C1318822808,500631.71,0,816752.62,White List
66ec0fd776849eb4541a64d1,1,PAYMENT,5170.23,C1379207867,179610.77,M1746578747,0,184781,0,White List
66ec0fd876849eb4541a64d2,1,PAYMENT,8553.73,C443491171,60850.27,M606593028,0,69404,0,White List
66ec0fd976849eb4541a64d3,1,CASH_OUT,9980.32,C1589466857,2955.68,C1018298342,9980.32,12936,0,White List
66ec0fda76849eb4541a64d4,1,PAYMENT,11982.62,C1676888944,10403.38,M6559830,0,22386,0,White List
66ec0fdb76849eb4541a64d5,1,DEBIT,2763.95,C458817438,57485.05,C846947180,12901.08,60249,10137.14,White List
66ec0fdc76849eb4541a64d6,1,CASH_OUT,265763.02,C795273218,0,C985934102,971418.91,57485.05,1784963.53,White List
66ec0fdd76849eb4541a64d7,1,PAYMENT,2364.01,C1454870101,29027.99,M1982958205,0,31392,0,White List
66ec0fde76849eb4541a64d8,1,PAYMENT,1432.47,C709439274,5669.53,M846718105,0,7102,0,White List
66ec0fdf76849eb4541a64d9,1,PAYMENT,233.76,C1482166692,53980.24,M583015088,0,54214,0,White List
66ec0fe076849eb4541a64da,1,PAYMENT,13259.12,C1091781053,568161.42,M1280128554,0,581420.54,0,White List
66ec0fe176849eb4541a64db,1,PAYMENT,2364.34,C1409342262,565797.08,M1991724700,0,568161.42,0,White List
66ec0fe376849eb4541a64dc,1,PAYMENT,3903.48,C762509150,7404.52,M145455292,0,11308,0,White List
66ec0fe476849eb4541a64dd,1,TRANSFER,301298.69,C1520491508,0,C662736689,4891090.56,213449,25871.21,White List
66ec0fe576849eb4541a64de,1,PAYMENT,6623.21,C380616082,0,M744316958,0,1036,0,White List
66ec0fe676849eb4541a64df,1,DEBIT,1009.43,C2145420209,22312.57,C1531333864,55974.56,23322,476138.03,White List
66ec0fe776849eb4541a64e0,1,PAYMENT,1639.33,C600017090,4272.67,M1215029765,0,5912,0,White List
66ec0fe876849eb4541a64e1,1,PAYMENT,2033.14,C259077766,184558.86,M1962398162,0,186592,0,White List
66ec0fe976849eb4541a64e2,1,TRANSFER,45864.43,C1263391254,0,C85777802,0,10675,42769.62,White List
66ec0fea76849eb4541a64e3,1,PAYMENT,11411.34,C1554086576,79175.66,M1516417700,0,90587,0,White List
66ec0feb76849eb4541a64e4,1,PAYMENT,23.31,C273777019,45336.69,M891894789,0,45360,0,White List
66ec0fec76849eb4541a64e5,1,PAYMENT,613.83,C1644864746,0,M766696861,0,368,0,White List
66ec0fed76849eb4541a64e6,1,PAYMENT,7154.46,C829737737,2960.54,M1296109622,0,10115,0,White List
66ec0fee76849eb4541a64e7,1,PAYMENT,1091.54,C2061226112,73758.46,M1103017075,0,74850,0,White List
66ec0fef76849eb4541a64e8,1,PAYMENT,3193.99,C1443173326,26798.01,M318794136,0,29992,0,White List
66ec0ff076849eb4541a64e9,1,PAYMENT,1849.56,C939254952,8576.44,M55755528,0,10426,0,White List
66ec0ff176849eb4541a64ea,1,PAYMENT,4170.82,C2100771791,27080.18,M1835778392,0,31251,0,White List
66ec0ff276849eb4541a64eb,1,PAYMENT,4099.91,C98412281,17162.09,M268599241,0,21262,0,White List
66ec0ff376849eb4541a64ec,1,PAYMENT,5923.01,C1420810053,133.99,M1736293769,0,6057,0,White List
66ec0ff476849eb4541a64ed,1,TRANSFER,208376.61,C268379633,0,C716083600,2444985.19,133.99,1541573.96,White List
66ec0ff576849eb4541a64ee,1,TRANSFER,131033.44,C201392112,0,C1335050193,353532.56,0,141691.68,White List
66ec0ff676849eb4541a64ef,1,TRANSFER,223848.92,C641664202,0,C1526298704,32092.07,0,249663.72,White List
66ec0ff776849eb4541a64f0,1,TRANSFER,68332.36,C748975217,0,C1782113663,3997768.55,0,2170904.16,White List
66ec0ff876849eb4541a64f1,1,TRANSFER,205368.78,C1510087865,0,C985934102,971418.91,0,2050726.55,White List
66ec0ff976849eb4541a64f2,1,TRANSFER,424141.36,C1366722422,0,C2083562754,1186556.81,0,763134.49,White List
66ec0ffa76849eb4541a64f3,1,TRANSFER,373185.07,C254918854,0,C401424608,1178808.14,0,430989.2,White List
66ec0ffb76849eb4541a64f4,1,TRANSFER,2258388.15,C12139181,0,C1789550256,4619798.56,0,2784129.27,White List
66ec0ffc76849eb4541a64f5,1,TRANSFER,250968.18,C1251219927,0,C1782113663,3997768.55,0,2239236.52,White List
66ec0ffd76849eb4541a64f6,1,TRANSFER,19772.53,C792488644,0,C2094777811,64259.52,0,44486.99,White List
66ec0ffe76849eb4541a64f7,1,TRANSFER,43023.82,C780843029,0,C660143728,42450.71,0,56750.45,White List
66ec0fff76849eb4541a64f8,1,TRANSFER,1628887.72,C1739555643,0,C451111351,3940085.21,0,1986951.69,White List
66ec100076849eb4541a64f9,1,TRANSFER,755499.13,C220165304,0,C1262822392,12494367.15,0,8637055.36,White List
66ec100176849eb4541a64fa,1,TRANSFER,289203.45,C1094272405,0,C998351292,1015132.48,0,979086.58,White List
66ec100276849eb4541a64fb,1,TRANSFER,902485.36,C973604791,0,C392292416,3420103.09,0,2016196.28,White List
66ec100376849eb4541a64fc,1,TRANSFER,351854.11,C564526486,0,C451111351,3940085.21,0,3615839.41,White List
66ec100476849eb4541a64fd,1,TRANSFER,605790.2,C1466558382,0,C401424608,1178808.14,0,804174.27,White List
66ec100576849eb4541a64fe,1,TRANSFER,353312.93,C1551303995,0,C977993101,965870.05,0,458701.51,White List
66ec100676849eb4541a64ff,1,TRANSFER,855931.4,C649630909,0,C1234776885,2025098.66,0,1329839.38,White List
66ec100776849eb4541a6500,1,TRANSFER,699928.86,C679449777,0,C998351292,1015132.48,0,1268290.04,White List
66ec100876849eb4541a6501,1,PAYMENT,5886.25,C817054343,23849.03,M1418315639,0,29735.29,0,White List
66ec100976849eb4541a6502,1,TRANSFER,200774.62,C913746983,0,C1810132623,97128.19,23849.03,255089.02,White List
66ec100a76849eb4541a6503,1,DEBIT,1088.94,C1660451908,4007.06,C2001112025,0,5096,13100.81,White List
66ec100b76849eb4541a6504,1,PAYMENT,3500,C1224064486,100088,M1381857776,0,103588,0,White List
66ec100c76849eb4541a6505,1,TRANSFER,109552.96,C1363800072,0,C1360767589,2107965.39,9915.47,1846787.05,White List
66ec100d76849eb4541a6506,1,TRANSFER,59531.87,C1886567481,0,C998351292,1015132.48,0,1968218.89,White List
66ec100e76849eb4541a6507,1,TRANSFER,133637.07,C361571676,0,C306206744,3554299.27,0,1921882.33,White List
66ec100f76849eb4541a6508,1,TRANSFER,75752.73,C749100260,0,C1688019098,97263.78,0,372141.66,White List
66ec101076849eb4541a6509,1,TRANSFER,100362.16,C846274760,0,C747464370,1567434.81,0,876637.74,White List
66ec101176849eb4541a650a,1,TRANSFER,191177.92,C1460126155,0,C716083600,2444985.19,0,1749950.57,White List
66ec101276849eb4541a650b,1,TRANSFER,435589.96,C727497138,0,C401424608,1178808.14,0,1409964.46,White List
66ec101376849eb4541a650c,1,TRANSFER,1950.77,C889422145,0,C614685048,0,0,106511.31,White List
66ec101476849eb4541a650d,1,TRANSFER,2223005.62,C248483913,0,C248609774,6453430.91,0,3831539.16,White List
66ec101576849eb4541a650e,1,TRANSFER,902505.61,C1731137986,0,C932583850,2719172.89,0,1571970.16,White List
66ec101676849eb4541a650f,1,TRANSFER,1201716.66,C695248316,0,C665576141,5515763.34,0,4139387.14,White List
66ec101776849eb4541a6510,1,TRANSFER,494972.01,C5255258,0,C1234776885,2025098.66,0,2185770.78,White List
66ec101876849eb4541a6511,1,TRANSFER,1417001.19,C1928312257,0,C306206744,3554299.27,0,2055519.4,White List
66ec101976849eb4541a6512,1,PAYMENT,3445.96,C1834031967,5130.04,M1092619788,0,8576,0,White List
66ec101a76849eb4541a6513,1,PAYMENT,2650.82,C1089680530,462.18,M1337835760,0,3113,0,White List
66ec101b76849eb4541a6514,1,PAYMENT,2073.2,C718512571,19290.55,M1807911555,0,21363.74,0,White List
66ec101c76849eb4541a6515,1,CASH_OUT,319825.94,C843867341,0,C564160838,1254956.07,19290.55,1743106.48,White List
66ec101d76849eb4541a6516,1,CASH_OUT,129431.13,C324507700,0,C747464370,1567434.81,0,976999.9,White List
66ec101e76849eb4541a6517,1,CASH_OUT,105351.94,C616443292,0,C401424608,1178808.14,0,1845554.42,White List
66ec101f76849eb4541a6518,1,CASH_OUT,38167,C1540832538,0,C488044861,5203.54,0,82599.36,White List
66ec102076849eb4541a6519,1,CASH_OUT,4682.74,C183259297,0,C195600860,40348.79,0,27134.6,White List
66ec102176849eb4541a651a,1,DEBIT,1280.14,C626393072,13878.86,C1112414583,67762.92,15159,11898,White List
66ec102276849eb4541a651b,1,DEBIT,3039.84,C1892869131,149769.16,C33524623,1517262.16,152809,2079710.62,White List
66ec102376849eb4541a651c,1,PAYMENT,5998,C302987494,0,M2047744862,0,164,0,White List
66ec102476849eb4541a651d,1,PAYMENT,4273,C1882116496,0,M389779746,0,0,0,White List
66ec102576849eb4541a651e,1,PAYMENT,3637.13,C2081964843,0,M1984328477,0,0,0,White List
66ec102676849eb4541a651f,1,PAYMENT,892.53,C1893899796,29105.47,M991671211,0,29998,0,White List
66ec102776849eb4541a6520,1,PAYMENT,10707.6,C94682872,31788.4,M1086323658,0,42496,0,White List
66ec102876849eb4541a6521,1,PAYMENT,6380.75,C608817143,25407.65,M1118414398,0,31788.4,0,White List
66ec102976849eb4541a6522,1,TRANSFER,271161.74,C1658487789,0,C1219161283,0,0,0,White List
66ec102a76849eb4541a6523,1,TRANSFER,274108.4,C1568949719,0,C564160838,1254956.07,0,2062932.43,White List
66ec102b76849eb4541a6524,1,DEBIT,2676.97,C936906727,91874.03,C824208363,0,94551,54856.21,White List
66ec102c76849eb4541a6525,1,PAYMENT,7512.61,C944752500,13061.39,M238874235,0,20574,0,White List
66ec102d76849eb4541a6526,1,PAYMENT,8612.28,C1911138454,129361.72,M112797307,0,137974,0,White List
66ec102e76849eb4541a6527,1,PAYMENT,413.4,C1082865087,55823.63,M699221219,0,56237.03,0,White List
66ec102f76849eb4541a6528,1,PAYMENT,6794.39,C364704856,49029.24,M1526305386,0,55823.63,0,White List
66ec103076849eb4541a6529,1,PAYMENT,9247.18,C1137078855,0,M1027200,0,5582,0,White List
66ec103176849eb4541a652a,1,PAYMENT,2821.51,C1919125229,0,M1688150025,0,0,0,White List
66ec103276849eb4541a652b,1,TRANSFER,378703.81,C347808407,0,C838411509,22774.25,31813,6353.62,White List
66ec103376849eb4541a652c,1,PAYMENT,9818.95,C1773008684,0,M127356954,0,151,0,White List
66ec103476849eb4541a652d,1,PAYMENT,13268.46,C437630857,0,M1475842502,0,5881.44,0,White List
66ec103576849eb4541a652e,1,CASH_IN,378896.52,C1365575811,378896.52,C306206744,3554299.27,0,3472520.59,White List
66ec103676849eb4541a652f,1,CASH_IN,65671.39,C1817154869,444567.92,C716083600,2444985.19,378896.52,1941128.49,White List
66ec103776849eb4541a6530,1,CASH_IN,35492.2,C1540476618,480060.12,C2050019814,0,444567.92,377569.57,White List
66ec103876849eb4541a6531,1,CASH_IN,18510.43,C818093527,498570.55,C2089016471,34361.39,480060.12,20801,White List
66ec103976849eb4541a6532,1,CASH_IN,83587.86,C1234905692,582158.41,C1219161283,0,498570.55,271161.74,White List
66ec103a76849eb4541a6533,1,CASH_IN,62455.76,C1500379239,644614.17,C1359044626,16518.36,582158.41,171158.16,White List
66ec103b76849eb4541a6534,1,CASH_IN,44708.03,C203409950,689322.19,C97730845,9940339.29,644614.17,51569.17,White List
66ec103c76849eb4541a6535,1,CASH_IN,343189.13,C605705199,1032511.32,C1816757085,10681238.79,689322.19,8906586.96,White List
66ec103d76849eb4541a6536,1,CASH_IN,60215.46,C876823802,1092726.78,C367746789,0,1032511.32,83172.04,White List
66ec103e76849eb4541a6537,1,CASH_IN,235288.68,C47918293,1328015.46,C306206744,3554299.27,1092726.78,3093624.06,White List
66ec103f76849eb4541a6538,1,CASH_IN,206955.99,C1894144426,1534971.46,C998351292,1015132.48,1328015.46,2027750.76,White List
66ec104076849eb4541a6539,1,CASH_IN,383446.61,C102103410,1918418.07,C564160838,1254956.07,1534971.46,2337040.82,White List
66ec104276849eb4541a653a,1,CASH_IN,145095.94,C677317086,2063514.01,C2083562754,1186556.81,1918418.07,1187275.85,White List
66ec104376849eb4541a653b,1,CASH_IN,300632.87,C1933129092,2364146.87,C838411509,22774.25,2063514.01,385057.43,White List
66ec104476849eb4541a653c,1,CASH_IN,119081.76,C827328832,2483228.64,C1023714065,1412484.09,2364146.87,2762216.66,White List
66ec104576849eb4541a653d,1,CASH_IN,203148.34,C405252209,2686376.98,C1750905143,424250.45,2483228.64,1134980.28,White List
66ec104676849eb4541a653e,1,CASH_IN,104335.07,C1223050066,2790712.05,C716083600,2444985.19,2686376.98,1875457.1,White List
66ec104776849eb4541a653f,1,CASH_IN,251482.63,C1917442783,3042194.68,C1023714065,1412484.09,2790712.05,2643134.89,White List
66ec104876849eb4541a6540,1,CASH_IN,92784.06,C1130551263,3134978.74,C1761291320,22233.65,3042194.68,119296.99,White List
66ec104976849eb4541a6541,1,CASH_IN,21670.38,C1713605602,3156649.13,C215145189,1891.79,3134978.74,54530.44,White List
66ec104a76849eb4541a6542,1,CASH_IN,175443.85,C472234151,3332092.98,C392292416,3420103.09,3156649.13,2918681.63,White List
66ec104b76849eb4541a6543,1,CASH_IN,226031.29,C537265886,3558124.26,C564160838,1254956.07,3332092.98,1953594.21,White List
66ec104c76849eb4541a6544,1,CASH_IN,234052.7,C1963974958,3792176.96,C1060830840,130747.56,3558124.26,751734.62,White List
66ec104d76849eb4541a6545,1,CASH_IN,229848.96,C260638966,4022025.93,C2083562754,1186556.81,3792176.96,1042179.91,White List
66ec104e76849eb4541a6546,1,CASH_IN,111655.85,C1045985568,4133681.78,C1831477404,247063.16,4022025.93,565797.08,White List
66ec104f76849eb4541a6547,1,CASH_IN,51284.87,C788048067,4184966.65,C248609774,6453430.91,4133681.78,6054544.78,White List
66ec105076849eb4541a6548,1,CASH_IN,270.78,C619985571,4185237.43,C875917495,0,4184966.65,3019,White List
66ec105176849eb4541a6549,1,CASH_IN,154442.99,C1677543539,4339680.42,C832279283,185389.8,4185237.43,315983.22,White List
66ec105276849eb4541a654a,1,CASH_IN,34918.59,C504478805,4374599.01,C1948471365,18627.02,4339680.42,66604.54,White List
66ec105376849eb4541a654b,1,CASH_IN,57262.72,C1967432164,4431861.74,C1973538135,16896.7,4374599.01,72917.77,White List
66ec105476849eb4541a654c,1,CASH_IN,189703.56,C1893772493,4621565.3,C1531333864,55974.56,4431861.74,477147.47,White List
66ec105576849eb4541a654d,1,CASH_IN,288838.13,C2035801202,4910403.44,C1060830840,130747.56,4621565.3,517681.93,White List
66ec105676849eb4541a654e,1,CASH_IN,61505.91,C1790387225,4910403.44,C11003494,10588885.27,4910403.44,4910403.44,White List
66ec105776849eb4541a654f,1,CASH_IN,404167.6,C984412970,4910403.44,C11003494,10588885.27,4910403.44,4910403.44,White List
66ec105876849eb4541a6550,1,CASH_IN,57323.56,C1340057206,4967726.99,C660143728,42450.71,4910403.44,99774.27,White List
66ec105976849eb4541a6551,1,CASH_IN,68988.21,C137123763,5036715.2,C998351292,1015132.48,4967726.99,1820794.77,White List
66ec105a76849eb4541a6552,1,CASH_IN,74230.21,C1541942595,5110945.41,C1590550415,19169204.93,5036715.2,19415272.09,White List
66ec105b76849eb4541a6553,1,CASH_IN,377287.8,C100708535,5488233.21,C985934102,971418.91,5110945.41,2256095.33,White List
66ec105c76849eb4541a6554,1,CASH_IN,185897.79,C878598679,5674131,C1182461167,23508.22,5488233.21,390209.15,White List
66ec105d76849eb4541a6555,1,CASH_IN,173842.23,C1587872480,5847973.23,C1291286504,66575.5,5674131,231914.67,White List
66ec105e76849eb4541a6556,1,CASH_IN,31646.31,C1144897090,5879619.54,C1291286504,66575.5,5847973.23,58072.44,White List
66ec105f76849eb4541a6557,1,CASH_IN,48134.99,C1195064186,5927754.53,C1961176822,0,5879619.54,55211.3,White List
66ec106076849eb4541a6558,1,CASH_IN,229982.47,C24334184,6157737,C564160838,1254956.07,5927754.53,1727562.92,White List
66ec106176849eb4541a6559,1,CASH_IN,216806.48,C2008547236,6374543.48,C564160838,1254956.07,6157737,1497580.45,White List
66ec106276849eb4541a655a,1,CASH_IN,117257.18,C1590792382,6491800.66,C1182461167,23508.22,6374543.48,204311.36,White List
66ec106376849eb4541a655b,1,CASH_IN,174413.77,C1076855029,6666214.43,C1123629720,46393.85,6491800.66,213713.99,White List
66ec106476849eb4541a655c,1,CASH_IN,72897.92,C1539088279,6739112.35,C662736689,4891090.56,6666214.43,327169.9,White List
66ec106576849eb4541a655d,1,CASH_IN,82564.24,C322830747,6821676.59,C2050019814,0,6739112.35,342077.36,White List
66ec106676849eb4541a655e,1,CASH_IN,63764.9,C1094199074,6885441.49,C885951223,215851.28,6821676.59,445655.6,White List
66ec106776849eb4541a655f,1,CASH_IN,183074.81,C2108440536,7068516.3,C1219161283,0,6885441.49,187573.89,White List
66ec106876849eb4541a6560,1,CASH_IN,223744.8,C1112758237,7292261.09,C1831477404,247063.16,7068516.3,454141.23,White List
66ec106976849eb4541a6561,1,CASH_IN,46179.38,C553821397,7338440.47,C1096283470,0,7292261.09,306791.16,White List
66ec106a76849eb4541a6562,1,CASH_IN,91611.03,C553879264,7430051.5,C1750905143,424250.45,7338440.47,931831.94,White List
66ec106b76849eb4541a6563,1,CASH_IN,128022.19,C1028472807,7558073.69,C1286084959,2107778.11,7430051.5,2756959.24,White List
66ec106c76849eb4541a6564,1,CASH_IN,157949.72,C1710783020,7716023.4,C985934102,971418.91,7558073.69,1878807.53,White List
66ec106d76849eb4541a6565,1,CASH_IN,26516.56,C1365790282,7742539.96,C1937962514,8383.29,7716023.4,63127.8,White List
66ec106e76849eb4541a6566,1,CASH_IN,105647.45,C1826747905,7848187.42,C1068824137,265092.36,7742539.96,126541.52,White List
66ec106f76849eb4541a6567,1,CASH_IN,61858.19,C948395645,7910045.61,C985934102,971418.91,7848187.42,1720857.81,White List
66ec107076849eb4541a6568,1,CASH_IN,245041.35,C512256603,8155086.95,C985934102,971418.91,7910045.61,1658999.62,White List
66ec107176849eb4541a6569,1,CASH_IN,42922.81,C226586078,8198009.76,C1182461167,23508.22,8155086.95,87054.17,White List
66ec107276849eb4541a656a,1,CASH_IN,137465.55,C1848886161,8335475.31,C1318822808,500631.71,8198009.76,1066345.61,White List
66ec107376849eb4541a656b,1,CASH_IN,170207.14,C1816468636,8505682.45,C2050019814,0,8335475.31,259513.13,White List
66ec107476849eb4541a656c,1,CASH_IN,18513.77,C834824701,8524196.22,C306206744,3554299.27,8505682.45,2858335.38,White List
66ec107576849eb4541a656d,1,CASH_IN,199318.34,C925568390,8723514.56,C1096283470,0,8524196.22,260611.78,White List
66ec107676849eb4541a656e,1,CASH_IN,26295.3,C1198817209,8749809.86,C1883840933,16874643.09,8723514.56,13915059.95,White List
66ec107776849eb4541a656f,1,CASH_IN,111549.83,C51460663,8861359.69,C1749186397,277515.05,8749809.86,208152.76,White List
66ec107876849eb4541a6570,1,CASH_IN,56912.01,C557725225,8918271.71,C614685048,0,8861359.69,108462.08,White List
66ec107976849eb4541a6571,1,CASH_IN,414285.51,C1318475957,9332557.22,C1049817027,60738.03,8918271.71,614630.33,White List
66ec107a76849eb4541a6572,1,CASH_IN,298109.36,C712732521,9630666.58,C667346055,9291619.62,9332557.22,493746.17,White List
66ec107b76849eb4541a6573,1,CASH_IN,269736.99,C540092563,9900403.57,C1526298704,32092.07,9630666.58,473512.63,White List
66ec107c76849eb4541a6574,1,CASH_IN,18622.16,C1894698434,9919025.73,C1825027294,36757.68,9900403.57,55379.84,White List
66ec107d76849eb4541a6575,1,CASH_IN,183816.31,C205615258,10102842.03,C1023714065,1412484.09,9919025.73,2391652.26,White List
66ec107e76849eb4541a6576,1,CASH_IN,143405.8,C2108708444,10246247.83,C667346055,9291619.62,10102842.03,195636.81,White List
66ec107f76849eb4541a6577,1,PAYMENT,449.97,C1424788681,12580.6,M1391119179,0,13030.57,0,White List
66ec108076849eb4541a6578,1,PAYMENT,2743.55,C1428726828,9837.06,M710220387,0,12580.6,0,White List
66ec108176849eb4541a6579,1,PAYMENT,1548.73,C443502884,36736.58,M517693873,0,38285.31,0,White List
66ec108276849eb4541a657a,1,PAYMENT,4828.43,C247644034,31908.14,M214313531,0,36736.58,0,White List
66ec108376849eb4541a657b,1,PAYMENT,1737.12,C1824570614,30171.02,M693345846,0,31908.14,0,White List
66ec108476849eb4541a657c,1,PAYMENT,1089.31,C854989361,29081.71,M257718694,0,30171.02,0,White List
66ec108576849eb4541a657d,1,PAYMENT,5237.7,C1720865719,23844.01,M1392886653,0,29081.71,0,White List
66ec108676849eb4541a657e,1,PAYMENT,3364.48,C1369468094,20479.53,M1037942373,0,23844.01,0,White List
66ec108776849eb4541a657f,1,PAYMENT,1889.41,C1235635586,18590.13,M876962272,0,20479.53,0,White List
66ec108876849eb4541a6580,1,PAYMENT,2685.44,C1725054538,8616.56,M917277283,0,11302,0,White List
66ec108976849eb4541a6581,1,PAYMENT,1238.08,C1302141801,7378.48,M1388849499,0,8616.56,0,White List
66ec108a76849eb4541a6582,1,PAYMENT,17994.24,C622820646,0,M2008159348,0,7378.48,0,White List
66ec108b76849eb4541a6583,1,PAYMENT,6396.49,C1389432760,0,M1103132232,0,458,0,White List
66ec108c76849eb4541a6584,1,PAYMENT,2380.21,C535352603,6000879.7,M2015261478,0,6003259.91,0,White List
66ec108d76849eb4541a6585,1,CASH_OUT,139754.72,C577245010,5861124.98,C932583850,2719172.89,6000879.7,2474475.78,White List
66ec108e76849eb4541a6586,1,PAYMENT,8787.63,C1624788833,41996.37,M968957548,0,50784,0,White List
66ec108f76849eb4541a6587,1,DEBIT,2261.24,C843959601,921.76,C1750905143,424250.45,3183,840220.91,White List
66ec109076849eb4541a6588,1,DEBIT,2807.73,C1346197173,0,C1973538135,16896.7,1704,15655.05,White List
66ec109176849eb4541a6589,1,PAYMENT,4247.14,C1924966548,44802.82,M1128266449,0,49049.96,0,White List
66ec109276849eb4541a658a,1,PAYMENT,4504.48,C533173186,40298.34,M628487793,0,44802.82,0,White List
66ec109376849eb4541a658b,1,PAYMENT,3051.76,C848958019,233220.24,M248487859,0,236272,0,White List
66ec109476849eb4541a658c,1,PAYMENT,5675.84,C758465579,0,M670689666,0,224,0,White List
66ec109576849eb4541a658d,1,DEBIT,194.4,C1167327028,30169.6,C75457651,31469.78,30364,29741.84,White List
66ec109676849eb4541a658e,1,PAYMENT,8176.58,C936628786,0,M817941759,0,820,0,White List
66ec109776849eb4541a658f,1,PAYMENT,4074.17,C1478334108,0,M36550900,0,574,0,White List
66ec109876849eb4541a6590,1,PAYMENT,13695.83,C726051009,13696.17,M492252770,0,27392,0,White List
66ec109976849eb4541a6591,1,PAYMENT,8092.22,C701166114,0,M1187972599,0,595,0,White List
66ec109a76849eb4541a6592,1,CASH_OUT,286803.5,C1481751887,0,C997608398,157982.12,0,774294.17,White List
66ec109b76849eb4541a6593,1,PAYMENT,3620.25,C2094115865,19336.33,M49547843,0,22956.58,0,White List
66ec109c76849eb4541a6594,1,CASH_OUT,153952.87,C1017792343,0,C1023714065,1412484.09,19336.33,2207835.95,White List
66ec109e76849eb4541a6595,1,PAYMENT,1335.03,C1774468680,707.97,M402978317,0,2043,0,White List
66ec109f76849eb4541a6596,1,PAYMENT,96.32,C981487964,41158.68,M1417554340,0,41255,0,White List
66ec10a076849eb4541a6597,1,TRANSFER,412906.88,C478182173,0,C1068824137,265092.36,10353,20894.07,White List
66ec10a176849eb4541a6598,1,TRANSFER,288638.46,C596333086,0,C747464370,1567434.81,0,1106431.03,White List
66ec10a276849eb4541a6599,1,PAYMENT,2918.83,C456785282,0,M1043317832,0,158,0,White List
66ec10a376849eb4541a659a,1,PAYMENT,4852.65,C560465923,25275.61,M1485485458,0,30128.26,0,White List
66ec10a476849eb4541a659b,1,PAYMENT,13343.47,C210474732,11932.14,M1288052401,0,25275.61,0,White List
66ec10a576849eb4541a659c,1,DEBIT,1672.55,C764358458,48746.45,C885951223,215851.28,50419,381890.69,White List
66ec10a676849eb4541a659d,1,PAYMENT,1020.89,C539240764,74750.11,M1883830050,0,75771,0,White List
66ec10a776849eb4541a659e,1,PAYMENT,4440.79,C201804812,45183.21,M1487230025,0,49624,0,White List
66ec10a876849eb4541a659f,1,PAYMENT,12271.39,C1498016680,0,M1846539844,0,715,0,White List
66ec10a976849eb4541a65a0,1,TRANSFER,379953.15,C1490985125,0,C459857341,387263.02,121856,19826.79,White List
66ec10aa76849eb4541a65a1,1,PAYMENT,9198.49,C707506411,0,M1009326765,0,5970,0,White List
66ec10ab76849eb4541a65a2,1,PAYMENT,660.52,C755328698,34790.48,M7548983,0,35451,0,White List
66ec10ac76849eb4541a65a3,1,PAYMENT,3485.64,C1999135802,0,M52487168,0,460,0,White List
66ec10ad76849eb4541a65a4,1,PAYMENT,413.84,C85357160,26099.09,M486348917,0,26512.93,0,White List
66ec10ae76849eb4541a65a5,1,PAYMENT,3865.44,C683718244,22233.65,M742672280,0,26099.09,0,White List
66ec10af76849eb4541a65a6,1,CASH_OUT,124832.65,C452457802,0,C812586739,122027.28,128,4795,White List
66ec10b076849eb4541a65a7,1,TRANSFER,302151.25,C1857910993,0,C1234250905,193018.94,166321,1786,White List
66ec10b176849eb4541a65a8,1,PAYMENT,1854.51,C1130598644,389.49,M1293252487,0,2244,0,White List
66ec10b276849eb4541a65a9,1,PAYMENT,2850.6,C1760401098,48699.47,M1829966070,0,51550.07,0,White List
66ec10b376849eb4541a65aa,1,CASH_OUT,130905.88,C841537936,0,C1068824137,265092.36,48699.47,433800.95,White List
66ec10b476849eb4541a65ab,1,PAYMENT,8782.48,C1424439581,12585.52,M1354280589,0,21368,0,White List
66ec10b576849eb4541a65ac,1,CASH_IN,254286.27,C626626764,276637.27,C1832532108,0,22351,11155,White List
66ec10b676849eb4541a65ad,1,PAYMENT,10239.16,C1372137902,266398.11,M1015799131,0,276637.27,0,White List
66ec10b776849eb4541a65ae,1,TRANSFER,7276.69,C701681793,0,C154319946,0,93,1463,White List
66ec10b876849eb4541a65af,1,DEBIT,4993.81,C1088744071,15807.19,C488044861,5203.54,20801,120766.35,White List
66ec10b976849eb4541a65b0,1,DEBIT,8531.44,C1484275564,0,C195600860,40348.79,2080,31817.35,White List
66ec10ba76849eb4541a65b1,1,PAYMENT,4297.27,C981159997,3170.73,M85121323,0,7468,0,White List
66ec10bb76849eb4541a65b2,1,PAYMENT,7287.73,C1657125852,0,M2078239671,0,3170.73,0,White List
66ec10bc76849eb4541a65b3,1,PAYMENT,5375.2,C465909321,76249.8,M143486875,0,81625,0,White List
66ec10bd76849eb4541a65b4,1,PAYMENT,3830.45,C1205419533,80351.55,M1197176722,0,84182,0,White List
66ec10be76849eb4541a65b5,1,TRANSFER,70543.76,C1964926542,9807.8,C997608398,157982.12,80351.55,1061097.67,White List
66ec10bf76849eb4541a65b6,1,PAYMENT,3558.79,C369901249,17232.21,M405488475,0,20791,0,White List
66ec10c076849eb4541a65b7,1,PAYMENT,6891.56,C80756779,35029.44,M49969897,0,41921,0,White List
66ec10c176849eb4541a65b8,1,PAYMENT,2875.66,C1970779713,396904.27,M923013679,0,399779.94,0,White List
66ec10c276849eb4541a65b9,1,PAYMENT,4632.68,C827579900,392271.59,M1622135821,0,396904.27,0,White List
66ec10c376849eb4541a65ba,1,PAYMENT,13693.11,C681747431,378578.48,M1059080630,0,392271.59,0,White List
66ec10c476849eb4541a65bb,1,TRANSFER,81222.77,C280223635,98984.23,C453211571,3461666.05,180207,3243462.05,White List
66ec10c576849eb4541a65bc,1,DEBIT,2801.1,C245530164,0,C63387985,3883.96,661,10505,White List
66ec10c676849eb4541a65bd,1,TRANSFER,273951.34,C866273692,0,C1262822392,12494367.15,0,9392554.49,White List
66ec10c776849eb4541a65be,1,TRANSFER,490341.11,C242408359,0,C1504109395,593737.38,20846,0,White List
66ec10c876849eb4541a65bf,1,PAYMENT,226.29,C3392189,11535.71,M503144273,0,11762,0,White List
66ec10c976849eb4541a65c0,1,CASH_OUT,204691.97,C1009916891,0,C1068824137,265092.36,11535.71,564706.83,White List
66ec10ca76849eb4541a65c1,1,PAYMENT,3399.54,C612716569,36864.46,M985487390,0,40264,0,White List
66ec10cb76849eb4541a65c2,1,PAYMENT,261.95,C1296928719,1541.05,M1628289406,0,1803,0,White List
66ec10cc76849eb4541a65c3,1,PAYMENT,1815.83,C1862674654,381747.41,M1068232840,0,383563.24,0,White List
66ec10cd76849eb4541a65c4,1,PAYMENT,10287.6,C507061061,371459.81,M317960117,0,381747.41,0,White List
66ec10ce76849eb4541a65c5,1,DEBIT,2633.08,C1290614253,122271.92,C1992550266,0,124905,17146,White List
